DirectoryName,Name,Extension,Length
D:\Idara_Bookstore\bulk_images\2017 Solved All India Ayush PG (Syed Afzal Hussain),1.jpg,.jpg,2971683
D:\Idara_Bookstore\bulk_images\2017 Solved All India Ayush PG (Syed Afzal Hussain),2.jpg,.jpg,3468408
D:\Idara_Bookstore\bulk_images\2017 Solved All India Ayush PG (Syed Afzal Hussain),3.jpg,.jpg,734026
D:\Idara_Bookstore\bulk_images\2017 Solved All India Ayush PG (Syed Afzal Hussain),4.jpg,.jpg,5861749
D:\Idara_Bookstore\bulk_images\2018 Solved All India Ayush P.G Entrance (Dr. Hina Rashid),1.jpg,.jpg,1641571
D:\Idara_Bookstore\bulk_images\2018 Solved All India Ayush P.G Entrance (Dr. Hina Rashid),2.jpg,.jpg,3413365
D:\Idara_Bookstore\bulk_images\2018 Solved All India Ayush P.G Entrance (Dr. Hina Rashid),3.jpg,.jpg,733721
D:\Idara_Bookstore\bulk_images\2018 Solved All India Ayush P.G Entrance (Dr. Hina Rashid),4.jpg,.jpg,4476972
D:\Idara_Bookstore\bulk_images\2019 Solved All India Ayush P.G Entrance (Dr. Hina Rashid),1.jpg,.jpg,1239147
D:\Idara_Bookstore\bulk_images\2019 Solved All India Ayush P.G Entrance (Dr. Hina Rashid),2.jpg,.jpg,1640920
D:\Idara_Bookstore\bulk_images\2019 Solved All India Ayush P.G Entrance (Dr. Hina Rashid),3.jpg,.jpg,667568
D:\Idara_Bookstore\bulk_images\2019 Solved All India Ayush P.G Entrance (Dr. Hina Rashid),4.jpg,.jpg,2319726
D:\Idara_Bookstore\bulk_images\2020 Solved All India Ayush P.G (Dr. Hina),1.jpg,.jpg,3282968
D:\Idara_Bookstore\bulk_images\2020 Solved All India Ayush P.G (Dr. Hina),2.jpg,.jpg,3693736
D:\Idara_Bookstore\bulk_images\2020 Solved All India Ayush P.G (Dr. Hina),3.jpg,.jpg,744095
D:\Idara_Bookstore\bulk_images\2020 Solved All India Ayush P.G (Dr. Hina),4.jpg,.jpg,6299424
D:\Idara_Bookstore\bulk_images\2021 Solved All India Ayush PG (Syed Afzal Hussain),1.jpg,.jpg,3354467
D:\Idara_Bookstore\bulk_images\2021 Solved All India Ayush PG (Syed Afzal Hussain),2.jpg,.jpg,3221655
D:\Idara_Bookstore\bulk_images\2021 Solved All India Ayush PG (Syed Afzal Hussain),3.jpg,.jpg,735757
D:\Idara_Bookstore\bulk_images\2021 Solved All India Ayush PG (Syed Afzal Hussain),4.jpg,.jpg,6211188
D:\Idara_Bookstore\bulk_images\2022 Solved All India Ayush PG (Syed Afzal Hussain),1.jpg,.jpg,5197868
D:\Idara_Bookstore\bulk_images\2022 Solved All India Ayush PG (Syed Afzal Hussain),2.jpg,.jpg,4822065
D:\Idara_Bookstore\bulk_images\2022 Solved All India Ayush PG (Syed Afzal Hussain),3.jpg,.jpg,1979251
D:\Idara_Bookstore\bulk_images\2022 Solved All India Ayush PG (Syed Afzal Hussain),4.jpg,.jpg,8191764
D:\Idara_Bookstore\bulk_images\2023 Solved All India Ayush PG (Syed Afzal Hussain),1 Solved All India 2023.jpg,.jpg,4009002
D:\Idara_Bookstore\bulk_images\2023 Solved All India Ayush PG (Syed Afzal Hussain),2 Solved All India 2023.jpg,.jpg,4733460
D:\Idara_Bookstore\bulk_images\2023 Solved All India Ayush PG (Syed Afzal Hussain),4 Solved All India 2023.jpg,.jpg,6904092
D:\Idara_Bookstore\bulk_images\2024 Solved All India Ayush PG (Syed Afzal Hussain),1.jpg,.jpg,4644554
D:\Idara_Bookstore\bulk_images\2024 Solved All India Ayush PG (Syed Afzal Hussain),2.jpg,.jpg,4917294
D:\Idara_Bookstore\bulk_images\2024 Solved All India Ayush PG (Syed Afzal Hussain),3.jpg,.jpg,1989060
D:\Idara_Bookstore\bulk_images\2024 Solved All India Ayush PG (Syed Afzal Hussain),4.jpg,.jpg,7766521
D:\Idara_Bookstore\bulk_images\Aalat Uzn Unf Wa Halaq (Dr. Abdul Nasir),1.jpg,.jpg,2407065
D:\Idara_Bookstore\bulk_images\Aalat Uzn Unf Wa Halaq (Dr. Abdul Nasir),2.jpg,.jpg,2393764
D:\Idara_Bookstore\bulk_images\Aalat Uzn Unf Wa Halaq (Dr. Abdul Nasir),3.jpg,.jpg,1912846
D:\Idara_Bookstore\bulk_images\Aalat Uzn Unf Wa Halaq (Dr. Abdul Nasir),4.jpg,.jpg,2989276
D:\Idara_Bookstore\bulk_images\Aatish Wa Suzak Ka Mukammal Ilaj (Hkm. Abdul Majeed),1.jpg,.jpg,3021044
D:\Idara_Bookstore\bulk_images\Aatish Wa Suzak Ka Mukammal Ilaj (Hkm. Abdul Majeed),2.jpg,.jpg,5397693
D:\Idara_Bookstore\bulk_images\Aatish Wa Suzak Ka Mukammal Ilaj (Hkm. Abdul Majeed),4.jpg,.jpg,6544895
D:\Idara_Bookstore\bulk_images\Adam Tashreehul Badan Vol.1-2 (Hkm. Imamuddin),1-1.jpg,.jpg,1050641
D:\Idara_Bookstore\bulk_images\Adam Tashreehul Badan Vol.1-2 (Hkm. Imamuddin),1-2.jpg,.jpg,1002213
D:\Idara_Bookstore\bulk_images\Adam Tashreehul Badan Vol.1-2 (Hkm. Imamuddin),1-4.jpg,.jpg,1584005
D:\Idara_Bookstore\bulk_images\Adam Tashreehul Badan Vol.1-2 (Hkm. Imamuddin),2-1.jpg,.jpg,2218724
D:\Idara_Bookstore\bulk_images\Adam Tashreehul Badan Vol.1-2 (Hkm. Imamuddin),2-2.jpg,.jpg,2060739
D:\Idara_Bookstore\bulk_images\Adam Tashreehul Badan Vol.1-2 (Hkm. Imamuddin),2-4.jpg,.jpg,2568366
D:\Idara_Bookstore\bulk_images\Advia Haywaniya Urdu (Dr. Mustehasan),1.jpg,.jpg,2708929
D:\Idara_Bookstore\bulk_images\Advia Haywaniya Urdu (Dr. Mustehasan),2.jpg,.jpg,2532076
D:\Idara_Bookstore\bulk_images\Advia Haywaniya Urdu (Dr. Mustehasan),3.jpg,.jpg,1919113
D:\Idara_Bookstore\bulk_images\Advia Haywaniya Urdu (Dr. Mustehasan),4.jpg,.jpg,3432508
D:\Idara_Bookstore\bulk_images\Advia Madniya Eng (Dr. Mustehasan),1.jpg,.jpg,2178178
D:\Idara_Bookstore\bulk_images\Advia Madniya Eng (Dr. Mustehasan),2.jpg,.jpg,2251253
D:\Idara_Bookstore\bulk_images\Advia Madniya Eng (Dr. Mustehasan),3.jpg,.jpg,1872227
D:\Idara_Bookstore\bulk_images\Advia Madniya Eng (Dr. Mustehasan),4.jpg,.jpg,2645687
D:\Idara_Bookstore\bulk_images\Advia Madniya Urdu (Dr. Mustehasan),1.jpg,.jpg,2157149
D:\Idara_Bookstore\bulk_images\Advia Madniya Urdu (Dr. Mustehasan),2.jpg,.jpg,2263512
D:\Idara_Bookstore\bulk_images\Advia Madniya Urdu (Dr. Mustehasan),4.jpg,.jpg,2601051
D:\Idara_Bookstore\bulk_images\Afalul Aza Vol.1-2 (Hkm. Khalid Zama),1-1.jpg,.jpg,1185050
D:\Idara_Bookstore\bulk_images\Afalul Aza Vol.1-2 (Hkm. Khalid Zama),1-2.jpg,.jpg,1512162
D:\Idara_Bookstore\bulk_images\Afalul Aza Vol.1-2 (Hkm. Khalid Zama),1-4.jpg,.jpg,2164404
D:\Idara_Bookstore\bulk_images\Afalul Aza Vol.1-2 (Hkm. Khalid Zama),2-1.jpg,.jpg,1192869
D:\Idara_Bookstore\bulk_images\Afalul Aza Vol.1-2 (Hkm. Khalid Zama),2-2.jpg,.jpg,1601673
D:\Idara_Bookstore\bulk_images\Afalul Aza Vol.1-2 (Hkm. Khalid Zama),2-4.jpg,.jpg,2278407
D:\Idara_Bookstore\bulk_images\Afzal Medical Dictionary (Lughat) (Dr. Wahab Akhtar Aziz),1.jpg,.jpg,998738
D:\Idara_Bookstore\bulk_images\Afzal Medical Dictionary (Lughat) (Dr. Wahab Akhtar Aziz),2.jpg,.jpg,1196549
D:\Idara_Bookstore\bulk_images\Afzal Medical Dictionary (Lughat) (Dr. Wahab Akhtar Aziz),4.jpg,.jpg,1745741
D:\Idara_Bookstore\bulk_images\Afzal Mufredat Vol.1 (Syed Asad Hussain,1.jpg,.jpg,1029800
D:\Idara_Bookstore\bulk_images\Afzal Mufredat Vol.1 (Syed Asad Hussain,2.jpg,.jpg,1106478
D:\Idara_Bookstore\bulk_images\Afzal Mufredat Vol.1 (Syed Asad Hussain,3.jpg,.jpg,600706
D:\Idara_Bookstore\bulk_images\Afzal Mufredat Vol.1 (Syed Asad Hussain,4.jpg,.jpg,1628362
D:\Idara_Bookstore\bulk_images\Afzal Mufredat Vol.2 (Syed Asad Hussain,1.jpg,.jpg,965042
D:\Idara_Bookstore\bulk_images\Afzal Mufredat Vol.2 (Syed Asad Hussain,2.jpg,.jpg,1113513
D:\Idara_Bookstore\bulk_images\Afzal Mufredat Vol.2 (Syed Asad Hussain,4.jpg,.jpg,1560067
D:\Idara_Bookstore\bulk_images\Afzal Mufredat Vol.3 (Syed Asad Hussain,1.jpg,.jpg,875094
D:\Idara_Bookstore\bulk_images\Afzal Mufredat Vol.3 (Syed Asad Hussain,2.jpg,.jpg,1083659
D:\Idara_Bookstore\bulk_images\Afzal Mufredat Vol.3 (Syed Asad Hussain,3.jpg,.jpg,599016
D:\Idara_Bookstore\bulk_images\Afzal Mufredat Vol.3 (Syed Asad Hussain,4.jpg,.jpg,1444381
D:\Idara_Bookstore\bulk_images\Afzal Mufredat Vol.4 (Syed Asad Hussain,1.jpg,.jpg,1140509
D:\Idara_Bookstore\bulk_images\Afzal Mufredat Vol.4 (Syed Asad Hussain,2.jpg,.jpg,1090230
D:\Idara_Bookstore\bulk_images\Afzal Mufredat Vol.4 (Syed Asad Hussain,3.jpg,.jpg,602177
D:\Idara_Bookstore\bulk_images\Afzal Mufredat Vol.4 (Syed Asad Hussain,4.jpg,.jpg,1702460
D:\Idara_Bookstore\bulk_images\Akseer Ul Qulub Wa Mufrehul Qulub (Hkm. Mohd. Akbar Arzani),1.jpg,.jpg,1379067
D:\Idara_Bookstore\bulk_images\Akseer Ul Qulub Wa Mufrehul Qulub (Hkm. Mohd. Akbar Arzani),2.jpg,.jpg,1786031
D:\Idara_Bookstore\bulk_images\Akseer Ul Qulub Wa Mufrehul Qulub (Hkm. Mohd. Akbar Arzani),3.jpg,.jpg,644282
D:\Idara_Bookstore\bulk_images\Akseer Ul Qulub Wa Mufrehul Qulub (Hkm. Mohd. Akbar Arzani),4.jpg,.jpg,2730445
D:\Idara_Bookstore\bulk_images\Akseer-e-Azam (Hkm. Mohd Kabiruddin),1.jpg,.jpg,583104
D:\Idara_Bookstore\bulk_images\Akseer-e-Azam (Hkm. Mohd Kabiruddin),2.jpg,.jpg,942972
D:\Idara_Bookstore\bulk_images\Akseer-e-Azam (Hkm. Mohd Kabiruddin),3.jpg,.jpg,639838
D:\Idara_Bookstore\bulk_images\Akseer-e-Azam (Hkm. Mohd Kabiruddin),4.jpg,.jpg,1866107
D:\Idara_Bookstore\bulk_images\Akseere Baah Vol.1-2 (Hkm. Nazeer Ahmed Khan),1-1.jpg,.jpg,2136070
D:\Idara_Bookstore\bulk_images\Akseere Baah Vol.1-2 (Hkm. Nazeer Ahmed Khan),1-2.jpg,.jpg,2257659
D:\Idara_Bookstore\bulk_images\Akseere Baah Vol.1-2 (Hkm. Nazeer Ahmed Khan),1-4.jpg,.jpg,2571959
D:\Idara_Bookstore\bulk_images\Akseere Baah Vol.1-2 (Hkm. Nazeer Ahmed Khan),2-1.jpg,.jpg,2136193
D:\Idara_Bookstore\bulk_images\Akseere Baah Vol.1-2 (Hkm. Nazeer Ahmed Khan),2-2.jpg,.jpg,2261977
D:\Idara_Bookstore\bulk_images\Akseere Baah Vol.1-2 (Hkm. Nazeer Ahmed Khan),2-4.jpg,.jpg,2583075
D:\Idara_Bookstore\bulk_images\Al Fazul Advia (Hkm. Nooruddin),1.jpg,.jpg,1893434
D:\Idara_Bookstore\bulk_images\Al Fazul Advia (Hkm. Nooruddin),2.jpg,.jpg,2024641
D:\Idara_Bookstore\bulk_images\Al Fazul Advia (Hkm. Nooruddin),4.jpg,.jpg,3449696
D:\Idara_Bookstore\bulk_images\Al Hijama [Eng] (Dr. Afasul Kalam),1.jpg,.jpg,3958856
D:\Idara_Bookstore\bulk_images\Al Hijama [Eng] (Dr. Afasul Kalam),2.jpg,.jpg,6329549
D:\Idara_Bookstore\bulk_images\Al Hijama [Eng] (Dr. Afasul Kalam),3.jpg,.jpg,696760
D:\Idara_Bookstore\bulk_images\Al Hijama [Eng] (Dr. Afasul Kalam),4.jpg,.jpg,9861675
D:\Idara_Bookstore\bulk_images\Al Hijama [Hindi] {Siddhi Wa Pachna} (Dr. Afasul Kalam),1.jpg,.jpg,3092488
D:\Idara_Bookstore\bulk_images\Al Hijama [Hindi] {Siddhi Wa Pachna} (Dr. Afasul Kalam),2.jpg,.jpg,3795735
D:\Idara_Bookstore\bulk_images\Al Hijama [Hindi] {Siddhi Wa Pachna} (Dr. Afasul Kalam),3.jpg,.jpg,718153
D:\Idara_Bookstore\bulk_images\Al Hijama [Hindi] {Siddhi Wa Pachna} (Dr. Afasul Kalam),4.jpg,.jpg,6533297
D:\Idara_Bookstore\bulk_images\Al Hijama [Urdu] (Dr. Afsahul Kalam),1.jpg,.jpg,1137622
D:\Idara_Bookstore\bulk_images\Al Hijama [Urdu] (Dr. Afsahul Kalam),2.jpg,.jpg,1397587
D:\Idara_Bookstore\bulk_images\Al Hijama [Urdu] (Dr. Afsahul Kalam),3.jpg,.jpg,643110
D:\Idara_Bookstore\bulk_images\Al Hijama [Urdu] (Dr. Afsahul Kalam),4.jpg,.jpg,1992607
D:\Idara_Bookstore\bulk_images\Al Jaryaan (Hkm. Md. Firoozuddin),1.jpg,.jpg,6936639
D:\Idara_Bookstore\bulk_images\Al Jaryaan (Hkm. Md. Firoozuddin),2.jpg,.jpg,4847460
D:\Idara_Bookstore\bulk_images\Al Jaryaan (Hkm. Md. Firoozuddin),4.jpg,.jpg,10059502
D:\Idara_Bookstore\bulk_images\Al Moalijat Moti Jurrah (Hkm. Md. Kabiruddin),1.jpg,.jpg,3722266
D:\Idara_Bookstore\bulk_images\Al Moalijat Moti Jurrah (Hkm. Md. Kabiruddin),2.jpg,.jpg,5281125
D:\Idara_Bookstore\bulk_images\Al Moalijat Moti Jurrah (Hkm. Md. Kabiruddin),4.jpg,.jpg,7205176
D:\Idara_Bookstore\bulk_images\Al Qanoon (Bo Ali Sena),1-1.jpg,.jpg,2383941
D:\Idara_Bookstore\bulk_images\Al Qanoon (Bo Ali Sena),1-2.jpg,.jpg,2003758
D:\Idara_Bookstore\bulk_images\Al Qanoon (Bo Ali Sena),1-3.jpg,.jpg,637807
D:\Idara_Bookstore\bulk_images\Al Qanoon (Bo Ali Sena),1-4.jpg,.jpg,3957433
D:\Idara_Bookstore\bulk_images\Al Qanoon (Bo Ali Sena),2-1.jpg,.jpg,2383610
D:\Idara_Bookstore\bulk_images\Al Qanoon (Bo Ali Sena),2-2.jpg,.jpg,1975008
D:\Idara_Bookstore\bulk_images\Al Qanoon (Bo Ali Sena),2-4.jpg,.jpg,3935127
D:\Idara_Bookstore\bulk_images\Al Qanoon (Bo Ali Sena),3-1.jpg,.jpg,2448731
D:\Idara_Bookstore\bulk_images\Al Qanoon (Bo Ali Sena),3-2.jpg,.jpg,2000489
D:\Idara_Bookstore\bulk_images\Al Qanoon (Bo Ali Sena),3-4.jpg,.jpg,4014469
D:\Idara_Bookstore\bulk_images\Al Qarabadeen Vol.1-2 (Hkm. Md. Kabiruddin),1-1.jpg,.jpg,2429080
D:\Idara_Bookstore\bulk_images\Al Qarabadeen Vol.1-2 (Hkm. Md. Kabiruddin),1-2.jpg,.jpg,2791740
D:\Idara_Bookstore\bulk_images\Al Qarabadeen Vol.1-2 (Hkm. Md. Kabiruddin),1-4.jpg,.jpg,3494151
D:\Idara_Bookstore\bulk_images\Al Qarabadeen Vol.1-2 (Hkm. Md. Kabiruddin),2-1.jpg,.jpg,2413069
D:\Idara_Bookstore\bulk_images\Al Qarabadeen Vol.1-2 (Hkm. Md. Kabiruddin),2-2.jpg,.jpg,2764450
D:\Idara_Bookstore\bulk_images\Al Qarabadeen Vol.1-2 (Hkm. Md. Kabiruddin),2-4.jpg,.jpg,3446540
D:\Idara_Bookstore\bulk_images\Al Qarabadeen Vol.1-2 (Hkm. Md. Kabiruddin),4.jpg,.jpg,3494151
D:\Idara_Bookstore\bulk_images\Al Risalah Fil Nabz (Hkm. Syed Azizullah Hussaini),1.jpg,.jpg,1382028
D:\Idara_Bookstore\bulk_images\Al Risalah Fil Nabz (Hkm. Syed Azizullah Hussaini),2.jpg,.jpg,1620751
D:\Idara_Bookstore\bulk_images\Al Risalah Fil Nabz (Hkm. Syed Azizullah Hussaini),3.jpg,.jpg,637731
D:\Idara_Bookstore\bulk_images\Al Risalah Fil Nabz (Hkm. Syed Azizullah Hussaini),4.jpg,.jpg,2467714
D:\Idara_Bookstore\bulk_images\Al Tashkeesh {Nabz Bool Wa Baraz} (Dr. Zubair Ansari),1.jpg,.jpg,1068819
D:\Idara_Bookstore\bulk_images\Al Tashkeesh {Nabz Bool Wa Baraz} (Dr. Zubair Ansari),2.jpg,.jpg,1135311
D:\Idara_Bookstore\bulk_images\Al Tashkeesh {Nabz Bool Wa Baraz} (Dr. Zubair Ansari),4.jpg,.jpg,1637369
D:\Idara_Bookstore\bulk_images\Al-Umoore Tabiya (Dr. Zubair Ahmed),1.jpg,.jpg,1013835
D:\Idara_Bookstore\bulk_images\Al-Umoore Tabiya (Dr. Zubair Ahmed),2.jpg,.jpg,1318767
D:\Idara_Bookstore\bulk_images\Al-Umoore Tabiya (Dr. Zubair Ahmed),4.jpg,.jpg,1757217
D:\Idara_Bookstore\bulk_images\Allopethic Drugs Therapy (Dr. Hasan Askari),1.jpg,.jpg,2982440
D:\Idara_Bookstore\bulk_images\Allopethic Drugs Therapy (Dr. Hasan Askari),2.jpg,.jpg,3332053
D:\Idara_Bookstore\bulk_images\Allopethic Drugs Therapy (Dr. Hasan Askari),4.jpg,.jpg,4595385
D:\Idara_Bookstore\bulk_images\Amraz-E-Niswan MCQs (Saleem Akhtar),1.jpg,.jpg,3196355
D:\Idara_Bookstore\bulk_images\Amraz-E-Niswan MCQs (Saleem Akhtar),2.jpg,.jpg,4630191
D:\Idara_Bookstore\bulk_images\Amraz-E-Niswan MCQs (Saleem Akhtar),4.jpg,.jpg,7270543
D:\Idara_Bookstore\bulk_images\Amraze Atfal [Paediatrics] (Hkm. Mohd Yusuf Ansari),1.jpg,.jpg,8019162
D:\Idara_Bookstore\bulk_images\Amraze Atfal [Paediatrics] (Hkm. Mohd Yusuf Ansari),2.jpg,.jpg,11069311
D:\Idara_Bookstore\bulk_images\Amraze Atfal [Paediatrics] (Hkm. Mohd Yusuf Ansari),3.jpg,.jpg,733577
D:\Idara_Bookstore\bulk_images\Amraze Atfal [Paediatrics] (Hkm. Mohd Yusuf Ansari),4.jpg,.jpg,18546684
D:\Idara_Bookstore\bulk_images\Amraze Atfal [Paediatrics] (Hkm. Wasim Ahmad Azmi),1.jpg,.jpg,3045894
D:\Idara_Bookstore\bulk_images\Amraze Atfal [Paediatrics] (Hkm. Wasim Ahmad Azmi),2.jpg,.jpg,3513809
D:\Idara_Bookstore\bulk_images\Amraze Atfal [Paediatrics] (Hkm. Wasim Ahmad Azmi),4.jpg,.jpg,6345578
D:\Idara_Bookstore\bulk_images\Amraze Jild (Dr. Azhar Yasin),1.jpg,.jpg,3192713
D:\Idara_Bookstore\bulk_images\Amraze Jild (Dr. Azhar Yasin),2.jpg,.jpg,12670463
D:\Idara_Bookstore\bulk_images\Amraze Jild (Dr. Azhar Yasin),4.jpg,.jpg,15316317
D:\Idara_Bookstore\bulk_images\Amraze Niswan (Hkm. Md. Yusuf),1.jpg,.jpg,5321289
D:\Idara_Bookstore\bulk_images\Amraze Niswan (Hkm. Md. Yusuf),2.jpg,.jpg,5910367
D:\Idara_Bookstore\bulk_images\Amraze Niswan (Hkm. Md. Yusuf),4.jpg,.jpg,10928802
D:\Idara_Bookstore\bulk_images\Amraze Niswan (Hkm. Wasim Azmi),1.jpg,.jpg,2451707
D:\Idara_Bookstore\bulk_images\Amraze Niswan (Hkm. Wasim Azmi),2.jpg,.jpg,2742454
D:\Idara_Bookstore\bulk_images\Amraze Niswan (Hkm. Wasim Azmi),3.jpg,.jpg,1921622
D:\Idara_Bookstore\bulk_images\Amraze Niswan (Hkm. Wasim Azmi),4.jpg,.jpg,3430492
D:\Idara_Bookstore\bulk_images\Amraze Subiyaan (Hkm. Md. Abbas Rizvi),1.jpg,.jpg,3269702
D:\Idara_Bookstore\bulk_images\Amraze Subiyaan (Hkm. Md. Abbas Rizvi),2.jpg,.jpg,4690373
D:\Idara_Bookstore\bulk_images\Amraze Subiyaan (Hkm. Md. Abbas Rizvi),4.jpg,.jpg,7463773
"D:\Idara_Bookstore\bulk_images\Amraze Uzn, Unf Wa Halaq (ENT) (Prof. Dr. Anees Shah)",1.jpg,.jpg,709219
"D:\Idara_Bookstore\bulk_images\Amraze Uzn, Unf Wa Halaq (ENT) (Prof. Dr. Anees Shah)",2.jpg,.jpg,3452156
"D:\Idara_Bookstore\bulk_images\Amraze Uzn, Unf Wa Halaq (ENT) (Prof. Dr. Anees Shah)",4.jpg,.jpg,10533997
D:\Idara_Bookstore\bulk_images\Anatomy {Tashreeul Badan} MCQs (Dr. Saleem),1.jpg,.jpg,7211201
D:\Idara_Bookstore\bulk_images\Anatomy {Tashreeul Badan} MCQs (Dr. Saleem),2.jpg,.jpg,7699789
D:\Idara_Bookstore\bulk_images\Anatomy {Tashreeul Badan} MCQs (Dr. Saleem),3.jpg,.jpg,2015352
D:\Idara_Bookstore\bulk_images\Anatomy {Tashreeul Badan} MCQs (Dr. Saleem),4.jpg,.jpg,13237460
D:\Idara_Bookstore\bulk_images\Ancient Pathology (Dr. Hina Tarique),1.jpg,.jpg,6535551
D:\Idara_Bookstore\bulk_images\Ancient Pathology (Dr. Hina Tarique),2.jpg,.jpg,4773845
D:\Idara_Bookstore\bulk_images\Ancient Pathology (Dr. Hina Tarique),3.jpg,.jpg,739318
D:\Idara_Bookstore\bulk_images\Ancient Pathology (Dr. Hina Tarique),4.jpg,.jpg,10708914
D:\Idara_Bookstore\bulk_images\Antidiabetic Drugs (Dr. Md. Saleem),1.jpg,.jpg,4571972
D:\Idara_Bookstore\bulk_images\Antidiabetic Drugs (Dr. Md. Saleem),2.jpg,.jpg,5480008
D:\Idara_Bookstore\bulk_images\Antidiabetic Drugs (Dr. Md. Saleem),3.jpg,.jpg,741351
D:\Idara_Bookstore\bulk_images\Antidiabetic Drugs (Dr. Md. Saleem),4.jpg,.jpg,9389943
D:\Idara_Bookstore\bulk_images\Anwarul Murakkabat (Dr. Danish Jafar),1.jpg,.jpg,4049414
D:\Idara_Bookstore\bulk_images\Anwarul Murakkabat (Dr. Danish Jafar),2.jpg,.jpg,4559132
D:\Idara_Bookstore\bulk_images\Anwarul Murakkabat (Dr. Danish Jafar),3.jpg,.jpg,737607
D:\Idara_Bookstore\bulk_images\Anwarul Murakkabat (Dr. Danish Jafar),4.jpg,.jpg,8359421
D:\Idara_Bookstore\bulk_images\Arabi Aur Mantiq Wa Falsafa MCQs (Dr. Zubair Ansari),1.jpg,.jpg,4934651
D:\Idara_Bookstore\bulk_images\Arabi Aur Mantiq Wa Falsafa MCQs (Dr. Zubair Ansari),2.jpg,.jpg,6718958
D:\Idara_Bookstore\bulk_images\Arabi Aur Mantiq Wa Falsafa MCQs (Dr. Zubair Ansari),3.jpg,.jpg,642978
D:\Idara_Bookstore\bulk_images\Arabi Aur Mantiq Wa Falsafa MCQs (Dr. Zubair Ansari),4.jpg,.jpg,11110029
D:\Idara_Bookstore\bulk_images\Asan Tibb Sawal Wa Jawab (Hkm. Badaruddin),1.jpg,.jpg,1073041
D:\Idara_Bookstore\bulk_images\Asan Tibb Sawal Wa Jawab (Hkm. Badaruddin),2.jpg,.jpg,1771576
D:\Idara_Bookstore\bulk_images\Asan Tibb Sawal Wa Jawab (Hkm. Badaruddin),3.jpg,.jpg,639875
D:\Idara_Bookstore\bulk_images\Asan Tibb Sawal Wa Jawab (Hkm. Badaruddin),4.jpg,.jpg,2278544
D:\Idara_Bookstore\bulk_images\Asbab Wa Alamat (Hkm. Najeebuddin),1.jpg,.jpg,6691515
D:\Idara_Bookstore\bulk_images\Asbab Wa Alamat (Hkm. Najeebuddin),2.jpg,.jpg,5492902
D:\Idara_Bookstore\bulk_images\Asbab Wa Alamat (Hkm. Najeebuddin),4.jpg,.jpg,10346498
D:\Idara_Bookstore\bulk_images\Ashrahul Advia (Dr. Abdul Wadood Khan),1.jpg,.jpg,1543791
D:\Idara_Bookstore\bulk_images\Ashrahul Advia (Dr. Abdul Wadood Khan),2.jpg,.jpg,3317241
D:\Idara_Bookstore\bulk_images\Ashrahul Advia (Dr. Abdul Wadood Khan),3.jpg,.jpg,693523
D:\Idara_Bookstore\bulk_images\Ashrahul Advia (Dr. Abdul Wadood Khan),4.jpg,.jpg,4398163
D:\Idara_Bookstore\bulk_images\Ayurvedic Pharmacopoeia (Pandit Vaid Jagannath),1.jpg,.jpg,3808612
D:\Idara_Bookstore\bulk_images\Ayurvedic Pharmacopoeia (Pandit Vaid Jagannath),2.jpg,.jpg,5654588
D:\Idara_Bookstore\bulk_images\Ayurvedic Pharmacopoeia (Pandit Vaid Jagannath),4.jpg,.jpg,7951406
D:\Idara_Bookstore\bulk_images\Bahry Tibb Ke Chand Moti (Mohd. Idress Habban),1.jpg,.jpg,7646591
D:\Idara_Bookstore\bulk_images\Bahry Tibb Ke Chand Moti (Mohd. Idress Habban),2.jpg,.jpg,4299691
D:\Idara_Bookstore\bulk_images\Bahry Tibb Ke Chand Moti (Mohd. Idress Habban),4.jpg,.jpg,10421081
D:\Idara_Bookstore\bulk_images\Balon Ki Bimariya Aur Unka Ilaj (Hkm. Idress Habban),1.jpg,.jpg,4507017
D:\Idara_Bookstore\bulk_images\Balon Ki Bimariya Aur Unka Ilaj (Hkm. Idress Habban),2.jpg,.jpg,5404138
D:\Idara_Bookstore\bulk_images\Balon Ki Bimariya Aur Unka Ilaj (Hkm. Idress Habban),3.jpg,.jpg,738479
D:\Idara_Bookstore\bulk_images\Balon Ki Bimariya Aur Unka Ilaj (Hkm. Idress Habban),4.jpg,.jpg,9547742
D:\Idara_Bookstore\bulk_images\Banjhpan Ka Mujarrab Ilaj (Hkm. Idress Habban),1.jpg,.jpg,5110648
D:\Idara_Bookstore\bulk_images\Banjhpan Ka Mujarrab Ilaj (Hkm. Idress Habban),2.jpg,.jpg,6392383
D:\Idara_Bookstore\bulk_images\Banjhpan Ka Mujarrab Ilaj (Hkm. Idress Habban),3.jpg,.jpg,1957838
D:\Idara_Bookstore\bulk_images\Banjhpan Ka Mujarrab Ilaj (Hkm. Idress Habban),4.jpg,.jpg,9904722
D:\Idara_Bookstore\bulk_images\Benazir Pharmacopoeia (Hkm. Gulam Nabi),1.jpg,.jpg,6112884
D:\Idara_Bookstore\bulk_images\Benazir Pharmacopoeia (Hkm. Gulam Nabi),2.jpg,.jpg,2680008
D:\Idara_Bookstore\bulk_images\Benazir Pharmacopoeia (Hkm. Gulam Nabi),4.jpg,.jpg,8364729
D:\Idara_Bookstore\bulk_images\Biyan Ul Advia (Hkm. Ram Lubhaya),1.jpg,.jpg,5149341
D:\Idara_Bookstore\bulk_images\Biyan Ul Advia (Hkm. Ram Lubhaya),2.jpg,.jpg,5345854
D:\Idara_Bookstore\bulk_images\Biyan Ul Advia (Hkm. Ram Lubhaya),4.jpg,.jpg,8973802
D:\Idara_Bookstore\bulk_images\Biyaz-E-Kabir Hindi (Kabiruddin),1-1.jpg,.jpg,1575570
D:\Idara_Bookstore\bulk_images\Biyaz-E-Kabir Hindi (Kabiruddin),1-2.jpg,.jpg,1719783
D:\Idara_Bookstore\bulk_images\Biyaz-E-Kabir Hindi (Kabiruddin),1-3.jpg,.jpg,663704
D:\Idara_Bookstore\bulk_images\Biyaz-E-Kabir Hindi (Kabiruddin),1-4.jpg,.jpg,3019074
D:\Idara_Bookstore\bulk_images\Biyaz-E-Kabir Hindi (Kabiruddin),2-1.jpg,.jpg,4327823
D:\Idara_Bookstore\bulk_images\Biyaz-E-Kabir Hindi (Kabiruddin),2-2.jpg,.jpg,5339858
D:\Idara_Bookstore\bulk_images\Biyaz-E-Kabir Hindi (Kabiruddin),2-3.jpg,.jpg,742765
D:\Idara_Bookstore\bulk_images\Biyaz-E-Kabir Hindi (Kabiruddin),2-4.jpg,.jpg,9350928
D:\Idara_Bookstore\bulk_images\Biyaz-E-Kabir Hindi (Kabiruddin),3-1.jpg,.jpg,1647146
D:\Idara_Bookstore\bulk_images\Biyaz-E-Kabir Hindi (Kabiruddin),3-2.jpg,.jpg,1811805
D:\Idara_Bookstore\bulk_images\Biyaz-E-Kabir Hindi (Kabiruddin),3-3.jpg,.jpg,665054
D:\Idara_Bookstore\bulk_images\Biyaz-E-Kabir Hindi (Kabiruddin),3-4.jpg,.jpg,3005037
D:\Idara_Bookstore\bulk_images\Biyaze Chauhan (Hkm. Noor Md. Chauhan),1.jpg,.jpg,1272248
D:\Idara_Bookstore\bulk_images\Biyaze Chauhan (Hkm. Noor Md. Chauhan),2.jpg,.jpg,1780125
D:\Idara_Bookstore\bulk_images\Biyaze Chauhan (Hkm. Noor Md. Chauhan),4.jpg,.jpg,2663614
D:\Idara_Bookstore\bulk_images\Biyaze Habban (Mohd. Idress Habban),1.jpg,.jpg,4343895
D:\Idara_Bookstore\bulk_images\Biyaze Habban (Mohd. Idress Habban),2.jpg,.jpg,2888945
D:\Idara_Bookstore\bulk_images\Biyaze Habban (Mohd. Idress Habban),4.jpg,.jpg,5600214
D:\Idara_Bookstore\bulk_images\Biyaze Hijazi (Hkm. Md. Rafeeq Hijazi),1.jpg,.jpg,3160174
D:\Idara_Bookstore\bulk_images\Biyaze Hijazi (Hkm. Md. Rafeeq Hijazi),2.jpg,.jpg,3035107
D:\Idara_Bookstore\bulk_images\Biyaze Hijazi (Hkm. Md. Rafeeq Hijazi),4.jpg,.jpg,4522995
D:\Idara_Bookstore\bulk_images\Biyaze Kabir (Hkm. Kabiruddin),1.jpg,.jpg,2283062
D:\Idara_Bookstore\bulk_images\Biyaze Kabir (Hkm. Kabiruddin),2.jpg,.jpg,1802926
D:\Idara_Bookstore\bulk_images\Biyaze Kabir (Hkm. Kabiruddin),3.jpg,.jpg,650264
D:\Idara_Bookstore\bulk_images\Biyaze Kabir (Hkm. Kabiruddin),4.jpg,.jpg,3875066
D:\Idara_Bookstore\bulk_images\Biyaze Khaas (Ilajul Amraz) (Hkm. Shareefuddin Kabiruddin),1.jpg,.jpg,4374859
D:\Idara_Bookstore\bulk_images\Biyaze Khaas (Ilajul Amraz) (Hkm. Shareefuddin Kabiruddin),2.jpg,.jpg,4544260
D:\Idara_Bookstore\bulk_images\Biyaze Khaas (Ilajul Amraz) (Hkm. Shareefuddin Kabiruddin),4.jpg,.jpg,9006868
D:\Idara_Bookstore\bulk_images\Biyaze Wahidi (Hkm. Syed Zillur Rehman),1.jpg,.jpg,1891635
D:\Idara_Bookstore\bulk_images\Biyaze Wahidi (Hkm. Syed Zillur Rehman),2.jpg,.jpg,1889043
D:\Idara_Bookstore\bulk_images\Biyaze Wahidi (Hkm. Syed Zillur Rehman),4.jpg,.jpg,3218394
D:\Idara_Bookstore\bulk_images\Bukahro Ka Usoole Ilaj (Hkm. Md. Kabiruddin),1.jpg,.jpg,2241906
D:\Idara_Bookstore\bulk_images\Bukahro Ka Usoole Ilaj (Hkm. Md. Kabiruddin),2.jpg,.jpg,3116362
D:\Idara_Bookstore\bulk_images\Bukahro Ka Usoole Ilaj (Hkm. Md. Kabiruddin),4.jpg,.jpg,3518152
D:\Idara_Bookstore\bulk_images\Bustan-ul-Mufaredat (Hkm. Md. Abdul Hakim),1.jpg,.jpg,1436437
D:\Idara_Bookstore\bulk_images\Bustan-ul-Mufaredat (Hkm. Md. Abdul Hakim),2.jpg,.jpg,2338426
D:\Idara_Bookstore\bulk_images\Bustan-ul-Mufaredat (Hkm. Md. Abdul Hakim),3.jpg,.jpg,664069
D:\Idara_Bookstore\bulk_images\Bustan-ul-Mufaredat (Hkm. Md. Abdul Hakim),4.jpg,.jpg,3325452
D:\Idara_Bookstore\bulk_images\Canon of Medicine (Al-Qanoon Eng Translation) (Mazhar H. Shah),1.jpg,.jpg,3972378
D:\Idara_Bookstore\bulk_images\Canon of Medicine (Al-Qanoon Eng Translation) (Mazhar H. Shah),2.jpg,.jpg,4444069
D:\Idara_Bookstore\bulk_images\Canon of Medicine (Al-Qanoon Eng Translation) (Mazhar H. Shah),3.jpg,.jpg,738596
D:\Idara_Bookstore\bulk_images\Canon of Medicine (Al-Qanoon Eng Translation) (Mazhar H. Shah),4.jpg,.jpg,8175142
D:\Idara_Bookstore\bulk_images\Chand Musalman Scienceda (Hkm. Sheerazi),1.jpg,.jpg,3469254
D:\Idara_Bookstore\bulk_images\Chand Musalman Scienceda (Hkm. Sheerazi),2.jpg,.jpg,4046981
D:\Idara_Bookstore\bulk_images\Chand Musalman Scienceda (Hkm. Sheerazi),3.jpg,.jpg,745634
D:\Idara_Bookstore\bulk_images\Chand Musalman Scienceda (Hkm. Sheerazi),4.jpg,.jpg,6989266
D:\Idara_Bookstore\bulk_images\Chehre Ko Haseen Banaye (Hkm. Idress Habban),1.jpg,.jpg,3919080
D:\Idara_Bookstore\bulk_images\Chehre Ko Haseen Banaye (Hkm. Idress Habban),2.jpg,.jpg,6493219
D:\Idara_Bookstore\bulk_images\Chehre Ko Haseen Banaye (Hkm. Idress Habban),3.jpg,.jpg,1947586
D:\Idara_Bookstore\bulk_images\Chehre Ko Haseen Banaye (Hkm. Idress Habban),4.jpg,.jpg,8700989
D:\Idara_Bookstore\bulk_images\Concept 24 Subjects Revision Guide (Dr. Aysha),1.jpg,.jpg,5154788
D:\Idara_Bookstore\bulk_images\Concept 24 Subjects Revision Guide (Dr. Aysha),2.jpg,.jpg,4169927
D:\Idara_Bookstore\bulk_images\Concept 24 Subjects Revision Guide (Dr. Aysha),3.jpg,.jpg,2012713
D:\Idara_Bookstore\bulk_images\Concept 24 Subjects Revision Guide (Dr. Aysha),4.jpg,.jpg,7779086
D:\Idara_Bookstore\bulk_images\Concise History & Ethics Medicine (Tarikhe Tibb) (Syed Afzal Hussain),1.jpg,.jpg,6367449
D:\Idara_Bookstore\bulk_images\Concise History & Ethics Medicine (Tarikhe Tibb) (Syed Afzal Hussain),2.jpg,.jpg,5373336
D:\Idara_Bookstore\bulk_images\Concise History & Ethics Medicine (Tarikhe Tibb) (Syed Afzal Hussain),3.jpg,.jpg,2015497
D:\Idara_Bookstore\bulk_images\Concise History & Ethics Medicine (Tarikhe Tibb) (Syed Afzal Hussain),4.jpg,.jpg,10115874
D:\Idara_Bookstore\bulk_images\Cosmetology (Abdul Wadud),1.jpg,.jpg,4618477
D:\Idara_Bookstore\bulk_images\Cosmetology (Abdul Wadud),2.jpg,.jpg,3379109
D:\Idara_Bookstore\bulk_images\Cosmetology (Abdul Wadud),3.jpg,.jpg,2022307
D:\Idara_Bookstore\bulk_images\Cosmetology (Abdul Wadud),4.jpg,.jpg,6341972
D:\Idara_Bookstore\bulk_images\Daanton Ko Khubsurat Banaye (Hkm. Idress Habban),1.jpg,.jpg,2761432
D:\Idara_Bookstore\bulk_images\Daanton Ko Khubsurat Banaye (Hkm. Idress Habban),2.jpg,.jpg,3551654
D:\Idara_Bookstore\bulk_images\Daanton Ko Khubsurat Banaye (Hkm. Idress Habban),3.jpg,.jpg,1905860
D:\Idara_Bookstore\bulk_images\Daanton Ko Khubsurat Banaye (Hkm. Idress Habban),4.jpg,.jpg,4519909
D:\Idara_Bookstore\bulk_images\Dama Ka Mujarab Ilaj (Mohd. Idress Habban),1.jpg,.jpg,1816597
D:\Idara_Bookstore\bulk_images\Dama Ka Mujarab Ilaj (Mohd. Idress Habban),2.jpg,.jpg,2008694
D:\Idara_Bookstore\bulk_images\Dama Ka Mujarab Ilaj (Mohd. Idress Habban),3.jpg,.jpg,582446
D:\Idara_Bookstore\bulk_images\Dama Ka Mujarab Ilaj (Mohd. Idress Habban),4.jpg,.jpg,3381174
D:\Idara_Bookstore\bulk_images\Daniyal Medical Dictionary (Dr. Prof. A.H Bukhari),1.jpg,.jpg,2420767
D:\Idara_Bookstore\bulk_images\Daniyal Medical Dictionary (Dr. Prof. A.H Bukhari),2.jpg,.jpg,3142764
D:\Idara_Bookstore\bulk_images\Daniyal Medical Dictionary (Dr. Prof. A.H Bukhari),4.jpg,.jpg,3914154
D:\Idara_Bookstore\bulk_images\Dau Sadaf {Amraze Jild} (Dr. Shamim Khan),1.jpg,.jpg,2887268
D:\Idara_Bookstore\bulk_images\Dau Sadaf {Amraze Jild} (Dr. Shamim Khan),2.jpg,.jpg,3468716
D:\Idara_Bookstore\bulk_images\Dau Sadaf {Amraze Jild} (Dr. Shamim Khan),4.jpg,.jpg,4527057
D:\Idara_Bookstore\bulk_images\Delhi Ke Sahi Matab (Hkm. Khuwaja Ahmed),1.jpg,.jpg,1619533
D:\Idara_Bookstore\bulk_images\Delhi Ke Sahi Matab (Hkm. Khuwaja Ahmed),2.jpg,.jpg,2025937
D:\Idara_Bookstore\bulk_images\Delhi Ke Sahi Matab (Hkm. Khuwaja Ahmed),3.jpg,.jpg,666599
D:\Idara_Bookstore\bulk_images\Delhi Ke Sahi Matab (Hkm. Khuwaja Ahmed),4.jpg,.jpg,3165928
D:\Idara_Bookstore\bulk_images\Delhi Ke Sahi Murakkabat (Hkm. Khuwaja Rizwan),1.jpg,.jpg,1426958
D:\Idara_Bookstore\bulk_images\Delhi Ke Sahi Murakkabat (Hkm. Khuwaja Rizwan),2.jpg,.jpg,1711896
D:\Idara_Bookstore\bulk_images\Delhi Ke Sahi Murakkabat (Hkm. Khuwaja Rizwan),3.jpg,.jpg,668692
D:\Idara_Bookstore\bulk_images\Delhi Ke Sahi Murakkabat (Hkm. Khuwaja Rizwan),4.jpg,.jpg,2716172
D:\Idara_Bookstore\bulk_images\Dermatology (Amraze Jild) (Dr. Mohd. Arif),1.jpg,.jpg,1404331
D:\Idara_Bookstore\bulk_images\Dermatology (Amraze Jild) (Dr. Mohd. Arif),2.jpg,.jpg,1682145
D:\Idara_Bookstore\bulk_images\Dermatology (Amraze Jild) (Dr. Mohd. Arif),4.jpg,.jpg,2599576
D:\Idara_Bookstore\bulk_images\Desi Tibbi Pharmacopoeia (Hkm. Gulam Mohiuddin),1.jpg,.jpg,811156
D:\Idara_Bookstore\bulk_images\Desi Tibbi Pharmacopoeia (Hkm. Gulam Mohiuddin),2.jpg,.jpg,843223
D:\Idara_Bookstore\bulk_images\Desi Tibbi Pharmacopoeia (Hkm. Gulam Mohiuddin),4.jpg,.jpg,1140789
D:\Idara_Bookstore\bulk_images\Diabeties Ka Mukammal Ilaj Kijiye (Hkm. Idress Habban),1.jpg,.jpg,860014
D:\Idara_Bookstore\bulk_images\Diabeties Ka Mukammal Ilaj Kijiye (Hkm. Idress Habban),2.jpg,.jpg,929906
D:\Idara_Bookstore\bulk_images\Diabeties Ka Mukammal Ilaj Kijiye (Hkm. Idress Habban),3.jpg,.jpg,590320
D:\Idara_Bookstore\bulk_images\Diabeties Ka Mukammal Ilaj Kijiye (Hkm. Idress Habban),4.jpg,.jpg,1264984
D:\Idara_Bookstore\bulk_images\Dil Ke Amraz (Mohd. Idress Habban),1.jpg,.jpg,1794271
D:\Idara_Bookstore\bulk_images\Dil Ke Amraz (Mohd. Idress Habban),2.jpg,.jpg,1820307
D:\Idara_Bookstore\bulk_images\Dil Ke Amraz (Mohd. Idress Habban),3.jpg,.jpg,583401
D:\Idara_Bookstore\bulk_images\Dil Ke Amraz (Mohd. Idress Habban),4.jpg,.jpg,3146413
D:\Idara_Bookstore\bulk_images\Dimagi Amraz Ka Mukammal Ilaj (Dr. Idress Habban),1.jpg,.jpg,1775661
D:\Idara_Bookstore\bulk_images\Dimagi Amraz Ka Mukammal Ilaj (Dr. Idress Habban),2.jpg,.jpg,1752889
D:\Idara_Bookstore\bulk_images\Dimagi Amraz Ka Mukammal Ilaj (Dr. Idress Habban),3.jpg,.jpg,664798
D:\Idara_Bookstore\bulk_images\Dimagi Amraz Ka Mukammal Ilaj (Dr. Idress Habban),4.jpg,.jpg,3179920
D:\Idara_Bookstore\bulk_images\Dried Fruits Se Ilaj (Hkm. Idress Habban),1.jpg,.jpg,3340350
D:\Idara_Bookstore\bulk_images\Dried Fruits Se Ilaj (Hkm. Idress Habban),2.jpg,.jpg,2279945
D:\Idara_Bookstore\bulk_images\Dried Fruits Se Ilaj (Hkm. Idress Habban),3.jpg,.jpg,665025
D:\Idara_Bookstore\bulk_images\Dried Fruits Se Ilaj (Hkm. Idress Habban),4.jpg,.jpg,5166000
D:\Idara_Bookstore\bulk_images\Elite Solved MD Paper (Dr. Umma Asma),1.jpg,.jpg,1216744
D:\Idara_Bookstore\bulk_images\Elite Solved MD Paper (Dr. Umma Asma),2.jpg,.jpg,1774739
D:\Idara_Bookstore\bulk_images\Elite Solved MD Paper (Dr. Umma Asma),3.jpg,.jpg,670104
D:\Idara_Bookstore\bulk_images\Elite Solved MD Paper (Dr. Umma Asma),4.jpg,.jpg,2394175
D:\Idara_Bookstore\bulk_images\Ent & Opthamology Scholar Guide MCQs (Dr. Raashid Qazi),1.jpg,.jpg,1441820
D:\Idara_Bookstore\bulk_images\Ent & Opthamology Scholar Guide MCQs (Dr. Raashid Qazi),2.jpg,.jpg,798265
D:\Idara_Bookstore\bulk_images\Ent & Opthamology Scholar Guide MCQs (Dr. Raashid Qazi),3.jpg,.jpg,605432
D:\Idara_Bookstore\bulk_images\Ent & Opthamology Scholar Guide MCQs (Dr. Raashid Qazi),4.jpg,.jpg,2438085
D:\Idara_Bookstore\bulk_images\Faiz Umoomi Basology (Faiz Pathology) (Dr. Minhajuddin),1.jpg,.jpg,2603541
D:\Idara_Bookstore\bulk_images\Faiz Umoomi Basology (Faiz Pathology) (Dr. Minhajuddin),2.jpg,.jpg,2141685
D:\Idara_Bookstore\bulk_images\Faiz Umoomi Basology (Faiz Pathology) (Dr. Minhajuddin),4.jpg,.jpg,2933908
D:\Idara_Bookstore\bulk_images\Fasd (Dr. Afsahul Kalam),1.jpg,.jpg,1455046
D:\Idara_Bookstore\bulk_images\Fasd (Dr. Afsahul Kalam),2.jpg,.jpg,1905582
D:\Idara_Bookstore\bulk_images\Fasd (Dr. Afsahul Kalam),3.jpg,.jpg,669144
D:\Idara_Bookstore\bulk_images\Fasd (Dr. Afsahul Kalam),4.jpg,.jpg,2782124
D:\Idara_Bookstore\bulk_images\Fast Food Mout Ka Saman (Mohd. Idress Habban),1.jpg,.jpg,1901969
D:\Idara_Bookstore\bulk_images\Fast Food Mout Ka Saman (Mohd. Idress Habban),2.jpg,.jpg,1868297
D:\Idara_Bookstore\bulk_images\Fast Food Mout Ka Saman (Mohd. Idress Habban),3.jpg,.jpg,584100
D:\Idara_Bookstore\bulk_images\Fast Food Mout Ka Saman (Mohd. Idress Habban),4.jpg,.jpg,3353267
D:\Idara_Bookstore\bulk_images\Firdous Ul Hikmat (Hkm. Abul Hasan Tabri),1.jpg,.jpg,5479663
D:\Idara_Bookstore\bulk_images\Firdous Ul Hikmat (Hkm. Abul Hasan Tabri),2.jpg,.jpg,7110518
D:\Idara_Bookstore\bulk_images\Firdous Ul Hikmat (Hkm. Abul Hasan Tabri),3.jpg,.jpg,2019546
D:\Idara_Bookstore\bulk_images\Firdous Ul Hikmat (Hkm. Abul Hasan Tabri),4.jpg,.jpg,11078352
D:\Idara_Bookstore\bulk_images\Fruits Se Ilaj (Hkm. Idress Habban),1.jpg,.jpg,3949404
D:\Idara_Bookstore\bulk_images\Fruits Se Ilaj (Hkm. Idress Habban),2.jpg,.jpg,5409652
D:\Idara_Bookstore\bulk_images\Fruits Se Ilaj (Hkm. Idress Habban),3.jpg,.jpg,740308
D:\Idara_Bookstore\bulk_images\Fruits Se Ilaj (Hkm. Idress Habban),4.jpg,.jpg,8835630
D:\Idara_Bookstore\bulk_images\Geena Muna (Abdul Mansoor Al Hasan),1.jpg,.jpg,4287276
D:\Idara_Bookstore\bulk_images\Geena Muna (Abdul Mansoor Al Hasan),2.jpg,.jpg,4940175
D:\Idara_Bookstore\bulk_images\Geena Muna (Abdul Mansoor Al Hasan),3.jpg,.jpg,745259
D:\Idara_Bookstore\bulk_images\Geena Muna (Abdul Mansoor Al Hasan),4.jpg,.jpg,9405056
D:\Idara_Bookstore\bulk_images\General Pathology (Dr. Saba,1.jpg,.jpg,4392472
D:\Idara_Bookstore\bulk_images\General Pathology (Dr. Saba,2.jpg,.jpg,4006365
D:\Idara_Bookstore\bulk_images\General Pathology (Dr. Saba,3.jpg,.jpg,2017328
D:\Idara_Bookstore\bulk_images\General Pathology (Dr. Saba,4.jpg,.jpg,6953699
D:\Idara_Bookstore\bulk_images\Gurdoo Ka Mukammal Ilaj (Hkm. Idress Habban),1.jpg,.jpg,3809190
D:\Idara_Bookstore\bulk_images\Gurdoo Ka Mukammal Ilaj (Hkm. Idress Habban),2.jpg,.jpg,5420179
D:\Idara_Bookstore\bulk_images\Gurdoo Ka Mukammal Ilaj (Hkm. Idress Habban),3.jpg,.jpg,741731
D:\Idara_Bookstore\bulk_images\Gurdoo Ka Mukammal Ilaj (Hkm. Idress Habban),4.jpg,.jpg,8969422
D:\Idara_Bookstore\bulk_images\Gynae & Obstetrics MCQs (Sofia Naushin),1.jpg,.jpg,3600303
D:\Idara_Bookstore\bulk_images\Gynae & Obstetrics MCQs (Sofia Naushin),2.jpg,.jpg,3719498
D:\Idara_Bookstore\bulk_images\Gynae & Obstetrics MCQs (Sofia Naushin),3.jpg,.jpg,736057
D:\Idara_Bookstore\bulk_images\Gynae & Obstetrics MCQs (Sofia Naushin),4.jpg,.jpg,6856270
D:\Idara_Bookstore\bulk_images\Hadiya Mazkor (Mardana Bimariyo Ka Ilaj) (Hkm. M. Yusuf Aurangabadi),1.jpg,.jpg,2872560
D:\Idara_Bookstore\bulk_images\Hadiya Mazkor (Mardana Bimariyo Ka Ilaj) (Hkm. M. Yusuf Aurangabadi),2.jpg,.jpg,2947485
D:\Idara_Bookstore\bulk_images\Hadiya Mazkor (Mardana Bimariyo Ka Ilaj) (Hkm. M. Yusuf Aurangabadi),4.jpg,.jpg,3966828
D:\Idara_Bookstore\bulk_images\Hamdard Matab (Hkm. Abdul Hamid),1.jpg,.jpg,1844295
D:\Idara_Bookstore\bulk_images\Hamdard Matab (Hkm. Abdul Hamid),2.jpg,.jpg,1096788
D:\Idara_Bookstore\bulk_images\Hamdard Matab (Hkm. Abdul Hamid),4.jpg,.jpg,2393173
D:\Idara_Bookstore\bulk_images\Hamdard Pharmacopoeia (Hkm. Md. Said),1.jpg,.jpg,2206410
D:\Idara_Bookstore\bulk_images\Hamdard Pharmacopoeia (Hkm. Md. Said),2.jpg,.jpg,1028697
D:\Idara_Bookstore\bulk_images\Hamdard Pharmacopoeia (Hkm. Md. Said),4.jpg,.jpg,2948054
D:\Idara_Bookstore\bulk_images\Har Qism Ke Bukhar Ka Mukammal Ilaj (Hkm. Idress Habban),1.jpg,.jpg,3777709
D:\Idara_Bookstore\bulk_images\Har Qism Ke Bukhar Ka Mukammal Ilaj (Hkm. Idress Habban),2.jpg,.jpg,3894986
D:\Idara_Bookstore\bulk_images\Har Qism Ke Bukhar Ka Mukammal Ilaj (Hkm. Idress Habban),3.jpg,.jpg,742953
D:\Idara_Bookstore\bulk_images\Har Qism Ke Bukhar Ka Mukammal Ilaj (Hkm. Idress Habban),4.jpg,.jpg,7698679
D:\Idara_Bookstore\bulk_images\Hayat Niswa Wa Mutalliqa Amraz (Dr. Ayesha Raza),1.jpg,.jpg,3510507
D:\Idara_Bookstore\bulk_images\Hayat Niswa Wa Mutalliqa Amraz (Dr. Ayesha Raza),2.jpg,.jpg,3231927
D:\Idara_Bookstore\bulk_images\Hayat Niswa Wa Mutalliqa Amraz (Dr. Ayesha Raza),3.jpg,.jpg,743539
D:\Idara_Bookstore\bulk_images\Hayat Niswa Wa Mutalliqa Amraz (Dr. Ayesha Raza),4.jpg,.jpg,6540308
D:\Idara_Bookstore\bulk_images\Haziq (Hkm. Ajmal Khan),1.jpg,.jpg,3698045
D:\Idara_Bookstore\bulk_images\Haziq (Hkm. Ajmal Khan),2.jpg,.jpg,3567429
D:\Idara_Bookstore\bulk_images\Haziq (Hkm. Ajmal Khan),3.jpg,.jpg,738960
D:\Idara_Bookstore\bulk_images\Haziq (Hkm. Ajmal Khan),4.jpg,.jpg,6970737
D:\Idara_Bookstore\bulk_images\Healing (Low Back Pain) (Dr. Abuzar Lari),1.jpg,.jpg,3387618
D:\Idara_Bookstore\bulk_images\Healing (Low Back Pain) (Dr. Abuzar Lari),2.jpg,.jpg,3503634
D:\Idara_Bookstore\bulk_images\Healing (Low Back Pain) (Dr. Abuzar Lari),3.jpg,.jpg,745545
D:\Idara_Bookstore\bulk_images\Healing (Low Back Pain) (Dr. Abuzar Lari),4.jpg,.jpg,6399956
D:\Idara_Bookstore\bulk_images\Hifzane Sehat (Dr. Bushra Wasim),1.jpg,.jpg,3860859
D:\Idara_Bookstore\bulk_images\Hifzane Sehat (Dr. Bushra Wasim),2.jpg,.jpg,6496745
D:\Idara_Bookstore\bulk_images\Hifzane Sehat (Dr. Bushra Wasim),3.jpg,.jpg,2007458
D:\Idara_Bookstore\bulk_images\Hifzane Sehat (Dr. Bushra Wasim),4.jpg,.jpg,8512310
D:\Idara_Bookstore\bulk_images\Hijamah (Cupping Therapy) (Dr. Amjad Ahasan Ali),1.jpg,.jpg,5115276
D:\Idara_Bookstore\bulk_images\Hijamah (Cupping Therapy) (Dr. Amjad Ahasan Ali),2.jpg,.jpg,3163867
D:\Idara_Bookstore\bulk_images\Hijamah (Cupping Therapy) (Dr. Amjad Ahasan Ali),4.jpg,.jpg,7837148
D:\Idara_Bookstore\bulk_images\Human Anatomy (Tashreehul Badan) (Dr. Siddiqur Rahman),1.jpg,.jpg,6253482
D:\Idara_Bookstore\bulk_images\Human Anatomy (Tashreehul Badan) (Dr. Siddiqur Rahman),2.jpg,.jpg,7388593
D:\Idara_Bookstore\bulk_images\Human Anatomy (Tashreehul Badan) (Dr. Siddiqur Rahman),4.jpg,.jpg,12402819
D:\Idara_Bookstore\bulk_images\Hummiyat (Mirza Abdul Noor Baig),1.jpg,.jpg,2552809
D:\Idara_Bookstore\bulk_images\Hummiyat (Mirza Abdul Noor Baig),2.jpg,.jpg,4116486
D:\Idara_Bookstore\bulk_images\Hummiyat (Mirza Abdul Noor Baig),4.jpg,.jpg,6219152
D:\Idara_Bookstore\bulk_images\Hummiyate Qanoon Vol.2 (Hkm. Md. Kabiruddin),1.jpg,.jpg,3400358
D:\Idara_Bookstore\bulk_images\Hummiyate Qanoon Vol.2 (Hkm. Md. Kabiruddin),2.jpg,.jpg,4222497
D:\Idara_Bookstore\bulk_images\Hummiyate Qanoon Vol.2 (Hkm. Md. Kabiruddin),4.jpg,.jpg,7537305
D:\Idara_Bookstore\bulk_images\IBT 1400 MCQs with Answer & Explanation (Dr. Izhar),1.jpg,.jpg,2657085
D:\Idara_Bookstore\bulk_images\IBT 1400 MCQs with Answer & Explanation (Dr. Izhar),2.jpg,.jpg,2826756
D:\Idara_Bookstore\bulk_images\IBT 1400 MCQs with Answer & Explanation (Dr. Izhar),3.jpg,.jpg,1940123
D:\Idara_Bookstore\bulk_images\IBT 1400 MCQs with Answer & Explanation (Dr. Izhar),4.jpg,.jpg,3727329
D:\Idara_Bookstore\bulk_images\Ifadae Kabir Mufassal (Hkm. Kabiruddin),1.jpg,.jpg,3336527
D:\Idara_Bookstore\bulk_images\Ifadae Kabir Mufassal (Hkm. Kabiruddin),2.jpg,.jpg,6037531
D:\Idara_Bookstore\bulk_images\Ifadae Kabir Mufassal (Hkm. Kabiruddin),3.jpg,.jpg,737699
D:\Idara_Bookstore\bulk_images\Ifadae Kabir Mufassal (Hkm. Kabiruddin),4.jpg,.jpg,8930205
D:\Idara_Bookstore\bulk_images\Ifadae Kabir Mujammal (Hkm. Kabiruddin),1.jpg,.jpg,3115114
D:\Idara_Bookstore\bulk_images\Ifadae Kabir Mujammal (Hkm. Kabiruddin),2.jpg,.jpg,3752159
D:\Idara_Bookstore\bulk_images\Ifadae Kabir Mujammal (Hkm. Kabiruddin),4.jpg,.jpg,6428252
D:\Idara_Bookstore\bulk_images\Ilaj Bil Hijamah (Abdul Nasir Farooqi),1.jpg,.jpg,1334616
D:\Idara_Bookstore\bulk_images\Ilaj Bil Hijamah (Abdul Nasir Farooqi),2.jpg,.jpg,1391213
D:\Idara_Bookstore\bulk_images\Ilaj Bil Hijamah (Abdul Nasir Farooqi),3.jpg,.jpg,668110
D:\Idara_Bookstore\bulk_images\Ilaj Bil Hijamah (Abdul Nasir Farooqi),4.jpg,.jpg,2178090
D:\Idara_Bookstore\bulk_images\Ilaj bil Tadabeer (Dr. Abdul Mubeen Khan),1.jpg,.jpg,3626007
D:\Idara_Bookstore\bulk_images\Ilaj bil Tadabeer (Dr. Abdul Mubeen Khan),2.jpg,.jpg,4762624
D:\Idara_Bookstore\bulk_images\Ilaj bil Tadabeer (Dr. Abdul Mubeen Khan),3.jpg,.jpg,736400
D:\Idara_Bookstore\bulk_images\Ilaj bil Tadabeer (Dr. Abdul Mubeen Khan),4.jpg,.jpg,7824131
D:\Idara_Bookstore\bulk_images\Ilaj bil Tadabeer (Hkm. Kamaluddin Hamdani),1.jpg,.jpg,1966745
D:\Idara_Bookstore\bulk_images\Ilaj bil Tadabeer (Hkm. Kamaluddin Hamdani),2.jpg,.jpg,1601717
D:\Idara_Bookstore\bulk_images\Ilaj bil Tadabeer (Hkm. Kamaluddin Hamdani),3.jpg,.jpg,651258
D:\Idara_Bookstore\bulk_images\Ilaj bil Tadabeer (Hkm. Kamaluddin Hamdani),4.jpg,.jpg,3039388
D:\Idara_Bookstore\bulk_images\Ilaj Bil Tadabeer (S. M. Akram),1.jpg,.jpg,1720336
D:\Idara_Bookstore\bulk_images\Ilaj Bil Tadabeer (S. M. Akram),2.jpg,.jpg,1180076
D:\Idara_Bookstore\bulk_images\Ilaj Bil Tadabeer (S. M. Akram),3.jpg,.jpg,653190
D:\Idara_Bookstore\bulk_images\Ilaj Bil Tadabeer (S. M. Akram),4.jpg,.jpg,2426248
D:\Idara_Bookstore\bulk_images\Ilaj Bil Tadabir (Dr. Ahmad Raza),1.jpg,.jpg,11915234
D:\Idara_Bookstore\bulk_images\Ilaj Bil Tadabir (Dr. Ahmad Raza),2.jpg,.jpg,8064925
D:\Idara_Bookstore\bulk_images\Ilaj Bil Tadabir (Dr. Ahmad Raza),3.jpg,.jpg,1980708
D:\Idara_Bookstore\bulk_images\Ilaj Bil Tadabir (Dr. Ahmad Raza),4.jpg,.jpg,19823192
D:\Idara_Bookstore\bulk_images\Ilaj Bil Tadabir (Dr. Isa Nadvi),1.jpg,.jpg,1776236
D:\Idara_Bookstore\bulk_images\Ilaj Bil Tadabir (Dr. Isa Nadvi),2.jpg,.jpg,1841640
D:\Idara_Bookstore\bulk_images\Ilaj Bil Tadabir (Dr. Isa Nadvi),3.jpg,.jpg,650332
D:\Idara_Bookstore\bulk_images\Ilaj Bil Tadabir (Dr. Isa Nadvi),4.jpg,.jpg,3280079
D:\Idara_Bookstore\bulk_images\Ilaj Bil Tadabir (Dr. Mehfuzur Rehman),1.jpg,.jpg,3654594
D:\Idara_Bookstore\bulk_images\Ilaj Bil Tadabir (Dr. Mehfuzur Rehman),2.jpg,.jpg,6182598
D:\Idara_Bookstore\bulk_images\Ilaj Bil Tadabir (Dr. Mehfuzur Rehman),3.jpg,.jpg,2016859
D:\Idara_Bookstore\bulk_images\Ilaj Bil Tadabir (Dr. Mehfuzur Rehman),4.jpg,.jpg,8017332
D:\Idara_Bookstore\bulk_images\Ilajul Amraz {Biyaze Khas} (Hkm. Md. Sharif Khan,1.jpg,.jpg,4374859
D:\Idara_Bookstore\bulk_images\Ilajul Amraz {Biyaze Khas} (Hkm. Md. Sharif Khan,2.jpg,.jpg,4544260
D:\Idara_Bookstore\bulk_images\Ilajul Amraz {Biyaze Khas} (Hkm. Md. Sharif Khan,4.jpg,.jpg,9006868
D:\Idara_Bookstore\bulk_images\Ilajul Gurba (Hkm. Imam),1.jpg,.jpg,3609702
D:\Idara_Bookstore\bulk_images\Ilajul Gurba (Hkm. Imam),2.jpg,.jpg,4296900
D:\Idara_Bookstore\bulk_images\Ilajul Gurba (Hkm. Imam),3.jpg,.jpg,743031
D:\Idara_Bookstore\bulk_images\Ilajul Gurba (Hkm. Imam),4.jpg,.jpg,7356681
D:\Idara_Bookstore\bulk_images\Ilme Jaraseem (Allama Masood Hafiz),1.jpg,.jpg,2382100
D:\Idara_Bookstore\bulk_images\Ilme Jaraseem (Allama Masood Hafiz),2.jpg,.jpg,3580390
D:\Idara_Bookstore\bulk_images\Ilme Jaraseem (Allama Masood Hafiz),4.jpg,.jpg,5379906
D:\Idara_Bookstore\bulk_images\Ilme Jaraseem (Mirza Abdul Noor Baig),1.jpg,.jpg,2108366
D:\Idara_Bookstore\bulk_images\Ilme Jaraseem (Mirza Abdul Noor Baig),2.jpg,.jpg,3454336
D:\Idara_Bookstore\bulk_images\Ilme Jaraseem (Mirza Abdul Noor Baig),4.jpg,.jpg,5031050
D:\Idara_Bookstore\bulk_images\Ilme Jinsiyat (Dr. Kamaruz Zama),1.jpg,.jpg,1152920
D:\Idara_Bookstore\bulk_images\Ilme Jinsiyat (Dr. Kamaruz Zama),2.jpg,.jpg,1279605
D:\Idara_Bookstore\bulk_images\Ilme Jinsiyat (Dr. Kamaruz Zama),3.jpg,.jpg,648032
D:\Idara_Bookstore\bulk_images\Ilme Jinsiyat (Dr. Kamaruz Zama),4.jpg,.jpg,1824859
D:\Idara_Bookstore\bulk_images\Ilmul Adad Ka Encyclopedia (Syed Zeeshan Nizami),1.jpg,.jpg,8081687
D:\Idara_Bookstore\bulk_images\Ilmul Adad Ka Encyclopedia (Syed Zeeshan Nizami),2.jpg,.jpg,5125757
D:\Idara_Bookstore\bulk_images\Ilmul Adad Ka Encyclopedia (Syed Zeeshan Nizami),4.jpg,.jpg,11531044
D:\Idara_Bookstore\bulk_images\Ilmul Advia Doctory (Materia Medica) (Muzaffar Hussain Awan),1.jpg,.jpg,1257995
D:\Idara_Bookstore\bulk_images\Ilmul Advia Doctory (Materia Medica) (Muzaffar Hussain Awan),2.jpg,.jpg,1516355
D:\Idara_Bookstore\bulk_images\Ilmul Advia Doctory (Materia Medica) (Muzaffar Hussain Awan),4.jpg,.jpg,2212741
D:\Idara_Bookstore\bulk_images\Ilmul Advia Ques-Ans (Dr. Saleem),1.jpg,.jpg,1292143
D:\Idara_Bookstore\bulk_images\Ilmul Advia Ques-Ans (Dr. Saleem),2.jpg,.jpg,1472096
D:\Idara_Bookstore\bulk_images\Ilmul Advia Ques-Ans (Dr. Saleem),3.jpg,.jpg,619203
D:\Idara_Bookstore\bulk_images\Ilmul Advia Ques-Ans (Dr. Saleem),4.jpg,.jpg,2227850
D:\Idara_Bookstore\bulk_images\Ilmul Amraaz Qadeem Wa Jadeed (Dr. Sidra),1.jpg,.jpg,1304562
D:\Idara_Bookstore\bulk_images\Ilmul Amraaz Qadeem Wa Jadeed (Dr. Sidra),2.jpg,.jpg,1144389
D:\Idara_Bookstore\bulk_images\Ilmul Amraaz Qadeem Wa Jadeed (Dr. Sidra),3.jpg,.jpg,635356
D:\Idara_Bookstore\bulk_images\Ilmul Amraaz Qadeem Wa Jadeed (Dr. Sidra),4.jpg,.jpg,1964722
D:\Idara_Bookstore\bulk_images\Ilmul Amraz (Pathology) (Dr. Md. Gufran),1.jpg,.jpg,984872
D:\Idara_Bookstore\bulk_images\Ilmul Amraz (Pathology) (Dr. Md. Gufran),2.jpg,.jpg,772644
D:\Idara_Bookstore\bulk_images\Ilmul Amraz (Pathology) (Dr. Md. Gufran),4.jpg,.jpg,1264949
D:\Idara_Bookstore\bulk_images\Ilmul Amraz (Pathology) (Hkm. Md. Yusuf Ansari),1.jpg,.jpg,584026
D:\Idara_Bookstore\bulk_images\Ilmul Amraz (Pathology) (Hkm. Md. Yusuf Ansari),2.jpg,.jpg,795977
D:\Idara_Bookstore\bulk_images\Ilmul Amraz (Pathology) (Hkm. Md. Yusuf Ansari),3.jpg,.jpg,643118
D:\Idara_Bookstore\bulk_images\Ilmul Amraz (Pathology) (Hkm. Md. Yusuf Ansari),4.jpg,.jpg,2729721
D:\Idara_Bookstore\bulk_images\Ilmul Jarahat (Abdul Irfan),1.jpg,.jpg,3142023
D:\Idara_Bookstore\bulk_images\Ilmul Jarahat (Abdul Irfan),2.jpg,.jpg,3258792
D:\Idara_Bookstore\bulk_images\Ilmul Jarahat (Abdul Irfan),4.jpg,.jpg,4566862
D:\Idara_Bookstore\bulk_images\Ilmul Saidla (Hkm. Wasim Ahmad Azmi),1.jpg,.jpg,1694265
D:\Idara_Bookstore\bulk_images\Ilmul Saidla (Hkm. Wasim Ahmad Azmi),2.jpg,.jpg,4451905
D:\Idara_Bookstore\bulk_images\Ilmul Saidla (Hkm. Wasim Ahmad Azmi),3.jpg,.jpg,666833
D:\Idara_Bookstore\bulk_images\Ilmul Saidla (Hkm. Wasim Ahmad Azmi),4.jpg,.jpg,5614329
D:\Idara_Bookstore\bulk_images\Ilmul Saidla (Syed Afzal Hussain),1.jpg,.jpg,2443758
D:\Idara_Bookstore\bulk_images\Ilmul Saidla (Syed Afzal Hussain),2.jpg,.jpg,2734643
D:\Idara_Bookstore\bulk_images\Ilmul Saidla (Syed Afzal Hussain),3.jpg,.jpg,1911175
D:\Idara_Bookstore\bulk_images\Ilmul Saidla (Syed Afzal Hussain),4.jpg,.jpg,3412430
D:\Idara_Bookstore\bulk_images\Ilmul Wiladat Ilmul Qabla (Dr. Saleem Khan),1.jpg,.jpg,2748981
D:\Idara_Bookstore\bulk_images\Ilmul Wiladat Ilmul Qabla (Dr. Saleem Khan),2.jpg,.jpg,3347534
D:\Idara_Bookstore\bulk_images\Ilmul Wiladat Ilmul Qabla (Dr. Saleem Khan),4.jpg,.jpg,4399248
D:\Idara_Bookstore\bulk_images\Ilmum Samoom (Toxicology) (Hkm. Hammad Usmani),1.jpg,.jpg,1659482
D:\Idara_Bookstore\bulk_images\Ilmum Samoom (Toxicology) (Hkm. Hammad Usmani),2.jpg,.jpg,1543228
D:\Idara_Bookstore\bulk_images\Ilmum Samoom (Toxicology) (Hkm. Hammad Usmani),4.jpg,.jpg,2660929
D:\Idara_Bookstore\bulk_images\Ilmum Samoom (Toxicology) (Hkm. Mohd Yusuf Ansari),1.jpg,.jpg,2108607
D:\Idara_Bookstore\bulk_images\Ilmum Samoom (Toxicology) (Hkm. Mohd Yusuf Ansari),2.jpg,.jpg,2216804
D:\Idara_Bookstore\bulk_images\Ilmum Samoom (Toxicology) (Hkm. Mohd Yusuf Ansari),3.jpg,.jpg,665993
D:\Idara_Bookstore\bulk_images\Ilmum Samoom (Toxicology) (Hkm. Mohd Yusuf Ansari),4.jpg,.jpg,3752820
D:\Idara_Bookstore\bulk_images\Inke Shafe Gaibi Al Hub Manmohni (Maulvi Karam,1.jpg,.jpg,2295656
D:\Idara_Bookstore\bulk_images\Inke Shafe Gaibi Al Hub Manmohni (Maulvi Karam,2.jpg,.jpg,3061803
D:\Idara_Bookstore\bulk_images\Inke Shafe Gaibi Al Hub Manmohni (Maulvi Karam,3.jpg,.jpg,663554
D:\Idara_Bookstore\bulk_images\Inke Shafe Gaibi Al Hub Manmohni (Maulvi Karam,4.jpg,.jpg,4869675
D:\Idara_Bookstore\bulk_images\Integrative Management of Non Healing (Dr. Saiyad Shah Alam),1.jpg,.jpg,2222733
D:\Idara_Bookstore\bulk_images\Integrative Management of Non Healing (Dr. Saiyad Shah Alam),2.jpg,.jpg,2535733
D:\Idara_Bookstore\bulk_images\Integrative Management of Non Healing (Dr. Saiyad Shah Alam),3.jpg,.jpg,660326
D:\Idara_Bookstore\bulk_images\Integrative Management of Non Healing (Dr. Saiyad Shah Alam),4.jpg,.jpg,4311687
D:\Idara_Bookstore\bulk_images\Intekhabe Mazameen (Md. Javed Akhtar),1.jpg,.jpg,2660080
D:\Idara_Bookstore\bulk_images\Intekhabe Mazameen (Md. Javed Akhtar),2.jpg,.jpg,2947531
D:\Idara_Bookstore\bulk_images\Intekhabe Mazameen (Md. Javed Akhtar),3.jpg,.jpg,1944313
D:\Idara_Bookstore\bulk_images\Intekhabe Mazameen (Md. Javed Akhtar),4.jpg,.jpg,3953578
D:\Idara_Bookstore\bulk_images\Iqbal Poetry Eng (Dr. Abdul Gani),1.jpg,.jpg,2298209
D:\Idara_Bookstore\bulk_images\Iqbal Poetry Eng (Dr. Abdul Gani),2.jpg,.jpg,2495707
D:\Idara_Bookstore\bulk_images\Iqbal Poetry Eng (Dr. Abdul Gani),4.jpg,.jpg,4623461
D:\Idara_Bookstore\bulk_images\Itlaaqi Kulliyat (Dr. Mehmooda Begum),1.jpg,.jpg,2675966
D:\Idara_Bookstore\bulk_images\Itlaaqi Kulliyat (Dr. Mehmooda Begum),2.jpg,.jpg,3687164
D:\Idara_Bookstore\bulk_images\Itlaaqi Kulliyat (Dr. Mehmooda Begum),4.jpg,.jpg,4507031
D:\Idara_Bookstore\bulk_images\Jadeed Unani Dawasazi (Hkm. Zillur Rehman),1.jpg,.jpg,5130599
D:\Idara_Bookstore\bulk_images\Jadeed Unani Dawasazi (Hkm. Zillur Rehman),2.jpg,.jpg,5429738
D:\Idara_Bookstore\bulk_images\Jadeed Unani Dawasazi (Hkm. Zillur Rehman),3.jpg,.jpg,2015478
D:\Idara_Bookstore\bulk_images\Jadeed Unani Dawasazi (Hkm. Zillur Rehman),4.jpg,.jpg,8915129
D:\Idara_Bookstore\bulk_images\Jama Usoole Tibb (Dr. Shezad Yaqoob),1.jpg,.jpg,296165
D:\Idara_Bookstore\bulk_images\Jama Usoole Tibb (Dr. Shezad Yaqoob),2.jpg,.jpg,2508156
D:\Idara_Bookstore\bulk_images\Jama Usoole Tibb (Dr. Shezad Yaqoob),3.jpg,.jpg,1887729
D:\Idara_Bookstore\bulk_images\Jama Usoole Tibb (Dr. Shezad Yaqoob),4.jpg,.jpg,3047668
D:\Idara_Bookstore\bulk_images\Jameul Advia (Syed Afzal Hussain),1.jpg,.jpg,3087960
D:\Idara_Bookstore\bulk_images\Jameul Advia (Syed Afzal Hussain),2.jpg,.jpg,3330619
D:\Idara_Bookstore\bulk_images\Jameul Advia (Syed Afzal Hussain),3.jpg,.jpg,1921264
D:\Idara_Bookstore\bulk_images\Jameul Advia (Syed Afzal Hussain),4.jpg,.jpg,4672236
D:\Idara_Bookstore\bulk_images\Jarahat-e-Umoomi wa Nizami (Hkm. Mohd Yusuf Ansari),1.jpg,.jpg,842230
D:\Idara_Bookstore\bulk_images\Jarahat-e-Umoomi wa Nizami (Hkm. Mohd Yusuf Ansari),2.jpg,.jpg,960472
D:\Idara_Bookstore\bulk_images\Jarahat-e-Umoomi wa Nizami (Hkm. Mohd Yusuf Ansari),4.jpg,.jpg,4457093
D:\Idara_Bookstore\bulk_images\Jawarahat Sitare Aur Tibbi Ilaj (Alim Iqbal),1.jpg,.jpg,2512427
D:\Idara_Bookstore\bulk_images\Jawarahat Sitare Aur Tibbi Ilaj (Alim Iqbal),2.jpg,.jpg,2818982
D:\Idara_Bookstore\bulk_images\Jawarahat Sitare Aur Tibbi Ilaj (Alim Iqbal),4.jpg,.jpg,3552880
D:\Idara_Bookstore\bulk_images\Jild Ko Khubsurat Banaye (Hkm. Idress Habban),1.jpg,.jpg,2507387
D:\Idara_Bookstore\bulk_images\Jild Ko Khubsurat Banaye (Hkm. Idress Habban),2.jpg,.jpg,2972415
D:\Idara_Bookstore\bulk_images\Jild Ko Khubsurat Banaye (Hkm. Idress Habban),3.jpg,.jpg,1886697
D:\Idara_Bookstore\bulk_images\Jild Ko Khubsurat Banaye (Hkm. Idress Habban),4.jpg,.jpg,3768325
D:\Idara_Bookstore\bulk_images\Jild Wa Tazeeniyat (Arshad Jamal),4.jpg,.jpg,1861398
D:\Idara_Bookstore\bulk_images\Jinsi Amraz Ka Ilaj (Silk Marwareed) (Hkm. Md. Hasan Qarshi),1.jpg,.jpg,2744573
D:\Idara_Bookstore\bulk_images\Jinsi Amraz Ka Ilaj (Silk Marwareed) (Hkm. Md. Hasan Qarshi),2.jpg,.jpg,2821082
D:\Idara_Bookstore\bulk_images\Jinsi Amraz Ka Ilaj (Silk Marwareed) (Hkm. Md. Hasan Qarshi),4.jpg,.jpg,3814425
D:\Idara_Bookstore\bulk_images\Kaleed Shifa (Mohd. Idress Habban),1.jpg,.jpg,2545717
D:\Idara_Bookstore\bulk_images\Kaleed Shifa (Mohd. Idress Habban),2.jpg,.jpg,2664430
D:\Idara_Bookstore\bulk_images\Kaleed Shifa (Mohd. Idress Habban),4.jpg,.jpg,3515037
D:\Idara_Bookstore\bulk_images\Kaloonji Ke Kamalat (Hkm. Nasir Ahmed Tariq),1.jpg,.jpg,551386
D:\Idara_Bookstore\bulk_images\Kaloonji Ke Kamalat (Hkm. Nasir Ahmed Tariq),2.jpg,.jpg,708091
D:\Idara_Bookstore\bulk_images\Kaloonji Ke Kamalat (Hkm. Nasir Ahmed Tariq),4.jpg,.jpg,3691602
D:\Idara_Bookstore\bulk_images\Kaloonji Ke Karishmat Urdu (Hkm. Tariq Mehmood Chugtai),1.jpg,.jpg,2233377
D:\Idara_Bookstore\bulk_images\Kaloonji Ke Karishmat Urdu (Hkm. Tariq Mehmood Chugtai),2.jpg,.jpg,2280377
D:\Idara_Bookstore\bulk_images\Kaloonji Ke Karishmat Urdu (Hkm. Tariq Mehmood Chugtai),3.jpg,.jpg,1853641
D:\Idara_Bookstore\bulk_images\Kaloonji Ke Karishmat Urdu (Hkm. Tariq Mehmood Chugtai),4.jpg,.jpg,2685880
D:\Idara_Bookstore\bulk_images\Kamil Us Sana (Hkm. Ibne Abbas Majusi),1.jpg,.jpg,1512474
D:\Idara_Bookstore\bulk_images\Kamil Us Sana (Hkm. Ibne Abbas Majusi),2.jpg,.jpg,1905864
D:\Idara_Bookstore\bulk_images\Kamil Us Sana (Hkm. Ibne Abbas Majusi),3.jpg,.jpg,585615
D:\Idara_Bookstore\bulk_images\Kamil Us Sana (Hkm. Ibne Abbas Majusi),4.jpg,.jpg,2973051
D:\Idara_Bookstore\bulk_images\Kanjul Murakkabat (Hkm. Abdullah),1.jpg,.jpg,1246510
D:\Idara_Bookstore\bulk_images\Kanjul Murakkabat (Hkm. Abdullah),2.jpg,.jpg,1459881
D:\Idara_Bookstore\bulk_images\Kanjul Murakkabat (Hkm. Abdullah),4.jpg,.jpg,2165634
D:\Idara_Bookstore\bulk_images\Kanjul Tashkeesh (Hkm. Md. Rafeeq Hizaji),1.jpg,.jpg,2355447
D:\Idara_Bookstore\bulk_images\Kanjul Tashkeesh (Hkm. Md. Rafeeq Hizaji),2.jpg,.jpg,2623436
D:\Idara_Bookstore\bulk_images\Kanjul Tashkeesh (Hkm. Md. Rafeeq Hizaji),4.jpg,.jpg,3187320
D:\Idara_Bookstore\bulk_images\Karamad Gharelu Gizahi Nuskhe Hindi (Hkm. Imamuddin Zakai),1.jpg,.jpg,947657
D:\Idara_Bookstore\bulk_images\Karamad Gharelu Gizahi Nuskhe Hindi (Hkm. Imamuddin Zakai),2.jpg,.jpg,793708
D:\Idara_Bookstore\bulk_images\Karamad Gharelu Gizahi Nuskhe Hindi (Hkm. Imamuddin Zakai),3.jpg,.jpg,638118
D:\Idara_Bookstore\bulk_images\Karamad Gharelu Gizahi Nuskhe Hindi (Hkm. Imamuddin Zakai),4.jpg,.jpg,2855471
D:\Idara_Bookstore\bulk_images\Khairul Tajarib (Hkm. Khair Andesh Khan),1.jpg,.jpg,1258365
D:\Idara_Bookstore\bulk_images\Khairul Tajarib (Hkm. Khair Andesh Khan),2.jpg,.jpg,1485184
D:\Idara_Bookstore\bulk_images\Khairul Tajarib (Hkm. Khair Andesh Khan),4.jpg,.jpg,2196046
D:\Idara_Bookstore\bulk_images\Khazain Ul Advia Vol.1-2 (Hkm. Najmul Gani),1.1.jpg,.jpg,1093239
D:\Idara_Bookstore\bulk_images\Khazain Ul Advia Vol.1-2 (Hkm. Najmul Gani),1.2.jpg,.jpg,621638
D:\Idara_Bookstore\bulk_images\Khazain Ul Advia Vol.1-2 (Hkm. Najmul Gani),1.4.jpg,.jpg,3319791
D:\Idara_Bookstore\bulk_images\Khazain Ul Advia Vol.1-2 (Hkm. Najmul Gani),2.1.jpg,.jpg,1423352
D:\Idara_Bookstore\bulk_images\Khazain Ul Advia Vol.1-2 (Hkm. Najmul Gani),2.2.jpg,.jpg,875488
D:\Idara_Bookstore\bulk_images\Khazain Ul Advia Vol.1-2 (Hkm. Najmul Gani),2.4.jpg,.jpg,5157584
D:\Idara_Bookstore\bulk_images\Khazain Ul Advia Vol.1-2 (Hkm. Najmul Gani),3.jpg,.jpg,645872
D:\Idara_Bookstore\bulk_images\Kifaya Mansoori (Risala Chob Chini) (Hkm. Mansoor Bin Yusuf),1.jpg,.jpg,3533914
D:\Idara_Bookstore\bulk_images\Kifaya Mansoori (Risala Chob Chini) (Hkm. Mansoor Bin Yusuf),2.jpg,.jpg,3440064
D:\Idara_Bookstore\bulk_images\Kifaya Mansoori (Risala Chob Chini) (Hkm. Mansoor Bin Yusuf),4.jpg,.jpg,5180112
D:\Idara_Bookstore\bulk_images\Kitab E Qabla (Hkm. Md. Yusuf),1.jpg,.jpg,1383756
D:\Idara_Bookstore\bulk_images\Kitab E Qabla (Hkm. Md. Yusuf),2.jpg,.jpg,1480966
D:\Idara_Bookstore\bulk_images\Kitab E Qabla (Hkm. Md. Yusuf),4.jpg,.jpg,2397924
D:\Idara_Bookstore\bulk_images\Kitab Tashkeesh Amraz Mukammal (Dr. Fazal Karim),1.jpg,.jpg,1452010
D:\Idara_Bookstore\bulk_images\Kitab Tashkeesh Amraz Mukammal (Dr. Fazal Karim),2.jpg,.jpg,1696102
D:\Idara_Bookstore\bulk_images\Kitab Tashkeesh Amraz Mukammal (Dr. Fazal Karim),4.jpg,.jpg,2583970
D:\Idara_Bookstore\bulk_images\Kitab Ul Taskheesh (Hkm. Md. Kabiruddin),1.jpg,.jpg,4840853
D:\Idara_Bookstore\bulk_images\Kitab Ul Taskheesh (Hkm. Md. Kabiruddin),2.jpg,.jpg,3960824
D:\Idara_Bookstore\bulk_images\Kitab Ul Taskheesh (Hkm. Md. Kabiruddin),3.jpg,.jpg,713196
D:\Idara_Bookstore\bulk_images\Kitab Ul Taskheesh (Hkm. Md. Kabiruddin),4.jpg,.jpg,8479535
D:\Idara_Bookstore\bulk_images\Kitab-ul-Ain (Prof. Dr. Anees Shah),1.jpg,.jpg,1571858
D:\Idara_Bookstore\bulk_images\Kitab-ul-Ain (Prof. Dr. Anees Shah),2.jpg,.jpg,1410881
D:\Idara_Bookstore\bulk_images\Kitab-ul-Ain (Prof. Dr. Anees Shah),3.jpg,.jpg,646705
D:\Idara_Bookstore\bulk_images\Kitab-ul-Ain (Prof. Dr. Anees Shah),4.jpg,.jpg,2510032
D:\Idara_Bookstore\bulk_images\Kitab-ul-Basr (Hkm. Md. Yusuf Ansari),1.jpg,.jpg,1614322
D:\Idara_Bookstore\bulk_images\Kitab-ul-Basr (Hkm. Md. Yusuf Ansari),2.jpg,.jpg,1469962
D:\Idara_Bookstore\bulk_images\Kitab-ul-Basr (Hkm. Md. Yusuf Ansari),4.jpg,.jpg,2625985
D:\Idara_Bookstore\bulk_images\Kitab-ul-Masadeer {Usoole Ilaj} (Dr. Fizan Ilahi),1.jpg,.jpg,2365954
D:\Idara_Bookstore\bulk_images\Kitab-ul-Masadeer {Usoole Ilaj} (Dr. Fizan Ilahi),2.jpg,.jpg,2743165
D:\Idara_Bookstore\bulk_images\Kitab-ul-Masadeer {Usoole Ilaj} (Dr. Fizan Ilahi),3.jpg,.jpg,1904375
D:\Idara_Bookstore\bulk_images\Kitab-ul-Masadeer {Usoole Ilaj} (Dr. Fizan Ilahi),4.jpg,.jpg,3301199
D:\Idara_Bookstore\bulk_images\Kitabul Advia (Hkm. Abu Gazali Shamshi),1.jpg,.jpg,2122281
D:\Idara_Bookstore\bulk_images\Kitabul Advia (Hkm. Abu Gazali Shamshi),2.jpg,.jpg,4275343
D:\Idara_Bookstore\bulk_images\Kitabul Advia (Hkm. Abu Gazali Shamshi),4.jpg,.jpg,5755689
D:\Idara_Bookstore\bulk_images\Kitabul Akhlat (Hkm. Kabiruddin),1.jpg,.jpg,5252164
D:\Idara_Bookstore\bulk_images\Kitabul Akhlat (Hkm. Kabiruddin),2.jpg,.jpg,2867845
D:\Idara_Bookstore\bulk_images\Kitabul Akhlat (Hkm. Kabiruddin),4.jpg,.jpg,6319328
D:\Idara_Bookstore\bulk_images\Kitabul Istehlahat {Anatomical Terms} (Dr. Shamshul Afaaq),1.jpg,.jpg,1191109
D:\Idara_Bookstore\bulk_images\Kitabul Istehlahat {Anatomical Terms} (Dr. Shamshul Afaaq),2.jpg,.jpg,1137728
D:\Idara_Bookstore\bulk_images\Kitabul Istehlahat {Anatomical Terms} (Dr. Shamshul Afaaq),4.jpg,.jpg,1769212
D:\Idara_Bookstore\bulk_images\Kitabul Jarahat Vol.1-2 (Hkm. Hammad Usmani),1.1.jpg,.jpg,216991
D:\Idara_Bookstore\bulk_images\Kitabul Jarahat Vol.1-2 (Hkm. Hammad Usmani),1.2.jpg,.jpg,707221
D:\Idara_Bookstore\bulk_images\Kitabul Jarahat Vol.1-2 (Hkm. Hammad Usmani),1.4.jpg,.jpg,3177020
D:\Idara_Bookstore\bulk_images\Kitabul Jarahat Vol.1-2 (Hkm. Hammad Usmani),2.1.jpg,.jpg,203993
D:\Idara_Bookstore\bulk_images\Kitabul Jarahat Vol.1-2 (Hkm. Hammad Usmani),2.2.jpg,.jpg,656807
D:\Idara_Bookstore\bulk_images\Kitabul Jarahat Vol.1-2 (Hkm. Hammad Usmani),2.4.jpg,.jpg,1812857
D:\Idara_Bookstore\bulk_images\Kitabul Kulliyat (Ibne Rushd),1.jpg,.jpg,1023623
D:\Idara_Bookstore\bulk_images\Kitabul Kulliyat (Ibne Rushd),2.jpg,.jpg,1043185
D:\Idara_Bookstore\bulk_images\Kitabul Kulliyat (Ibne Rushd),4.jpg,.jpg,1631865
D:\Idara_Bookstore\bulk_images\Kitabul Mansoori (Hkm. Abu Bakar Zikariya Razi),1.jpg,.jpg,2662095
D:\Idara_Bookstore\bulk_images\Kitabul Mansoori (Hkm. Abu Bakar Zikariya Razi),2.jpg,.jpg,2519654
D:\Idara_Bookstore\bulk_images\Kitabul Mansoori (Hkm. Abu Bakar Zikariya Razi),4.jpg,.jpg,3444134
D:\Idara_Bookstore\bulk_images\Kitabul Mufredat (Muzaffar Hussain Awan),1.jpg,.jpg,3607896
D:\Idara_Bookstore\bulk_images\Kitabul Mufredat (Muzaffar Hussain Awan),2.jpg,.jpg,5977940
D:\Idara_Bookstore\bulk_images\Kitabul Mufredat (Muzaffar Hussain Awan),4.jpg,.jpg,8002736
D:\Idara_Bookstore\bulk_images\Kitabul Mujarebat (Dr. Zubair Ansari),1.jpg,.jpg,4614029
D:\Idara_Bookstore\bulk_images\Kitabul Mujarebat (Dr. Zubair Ansari),2.jpg,.jpg,5019587
D:\Idara_Bookstore\bulk_images\Kitabul Mujarebat (Dr. Zubair Ansari),3.jpg,.jpg,742455
D:\Idara_Bookstore\bulk_images\Kitabul Mujarebat (Dr. Zubair Ansari),4.jpg,.jpg,9012610
D:\Idara_Bookstore\bulk_images\Kitabul Murakabat (Hkm. Zillur Rahman),1.jpg,.jpg,5768412
D:\Idara_Bookstore\bulk_images\Kitabul Murakabat (Hkm. Zillur Rahman),2.jpg,.jpg,3744886
D:\Idara_Bookstore\bulk_images\Kitabul Murakabat (Hkm. Zillur Rahman),4.jpg,.jpg,9070063
D:\Idara_Bookstore\bulk_images\Kitabul Murakkabat (Syed Afzal Hussain),1.jpg,.jpg,4461008
D:\Idara_Bookstore\bulk_images\Kitabul Murakkabat (Syed Afzal Hussain),2.jpg,.jpg,4991391
D:\Idara_Bookstore\bulk_images\Kitabul Murakkabat (Syed Afzal Hussain),3.jpg,.jpg,2008851
D:\Idara_Bookstore\bulk_images\Kitabul Murakkabat (Syed Afzal Hussain),4.jpg,.jpg,7850608
D:\Idara_Bookstore\bulk_images\Kitabul Murakkabat Makhzanul Murakkabat (Hkm. Gulam Jeelani),1.jpg,.jpg,4355430
D:\Idara_Bookstore\bulk_images\Kitabul Murakkabat Makhzanul Murakkabat (Hkm. Gulam Jeelani),2.jpg,.jpg,4157231
D:\Idara_Bookstore\bulk_images\Kitabul Murakkabat Makhzanul Murakkabat (Hkm. Gulam Jeelani),4.jpg,.jpg,8009216
D:\Idara_Bookstore\bulk_images\Kitabul Mursheed (Hkm. Abu Bakar Zikariya Razi),1.jpg,.jpg,7931877
D:\Idara_Bookstore\bulk_images\Kitabul Mursheed (Hkm. Abu Bakar Zikariya Razi),2.jpg,.jpg,3871600
D:\Idara_Bookstore\bulk_images\Kitabul Mursheed (Hkm. Abu Bakar Zikariya Razi),4.jpg,.jpg,11233808
D:\Idara_Bookstore\bulk_images\Kitabul Saidla (Ilmi wa Amli Sanat Unani Dawasazi) (Hkm. Gulam),1.jpg,.jpg,4263538
D:\Idara_Bookstore\bulk_images\Kitabul Saidla (Ilmi wa Amli Sanat Unani Dawasazi) (Hkm. Gulam),2.jpg,.jpg,665311
D:\Idara_Bookstore\bulk_images\Kitabul Saidla (Ilmi wa Amli Sanat Unani Dawasazi) (Hkm. Gulam),3.jpg,.jpg,744274
D:\Idara_Bookstore\bulk_images\Kitabul Saidla (Ilmi wa Amli Sanat Unani Dawasazi) (Hkm. Gulam),4.jpg,.jpg,7580196
D:\Idara_Bookstore\bulk_images\Kitabul Taklees (Abdul Hafeez),1.jpg,.jpg,2980288
D:\Idara_Bookstore\bulk_images\Kitabul Taklees (Abdul Hafeez),2.jpg,.jpg,5540140
D:\Idara_Bookstore\bulk_images\Kitabul Taklees (Abdul Hafeez),4.jpg,.jpg,6701367
D:\Idara_Bookstore\bulk_images\Kitabul Taklees (Iqbal Ahmad Qasmi),1.jpg,.jpg,5667711
D:\Idara_Bookstore\bulk_images\Kitabul Taklees (Iqbal Ahmad Qasmi),2.jpg,.jpg,2131017
D:\Idara_Bookstore\bulk_images\Kitabul Taklees (Iqbal Ahmad Qasmi),4.jpg,.jpg,5878150
D:\Idara_Bookstore\bulk_images\Kitabus Samoom (Hkm. Khawaja Rizwan),1.jpg,.jpg,2974959
D:\Idara_Bookstore\bulk_images\Kitabus Samoom (Hkm. Khawaja Rizwan),2.jpg,.jpg,5259334
D:\Idara_Bookstore\bulk_images\Kitabus Samoom (Hkm. Khawaja Rizwan),4.jpg,.jpg,6457277
D:\Idara_Bookstore\bulk_images\Kulliyat E Advia (Hkm. Kabiruddin),1.jpg,.jpg,2950168
D:\Idara_Bookstore\bulk_images\Kulliyat E Advia (Hkm. Kabiruddin),2.jpg,.jpg,5219846
D:\Idara_Bookstore\bulk_images\Kulliyat E Advia (Hkm. Kabiruddin),3.jpg,.jpg,695880
D:\Idara_Bookstore\bulk_images\Kulliyat E Advia (Hkm. Kabiruddin),4.jpg,.jpg,7904306
D:\Idara_Bookstore\bulk_images\Kulliyat E Nafeesi (Hkm. Md. Kabiruddin),1.jpg,.jpg,1710134
D:\Idara_Bookstore\bulk_images\Kulliyat E Nafeesi (Hkm. Md. Kabiruddin),2.jpg,.jpg,1522223
D:\Idara_Bookstore\bulk_images\Kulliyat E Nafeesi (Hkm. Md. Kabiruddin),3.jpg,.jpg,618225
D:\Idara_Bookstore\bulk_images\Kulliyat E Nafeesi (Hkm. Md. Kabiruddin),4.jpg,.jpg,2799013
D:\Idara_Bookstore\bulk_images\Kulliyat E Umoore Tabbiya ke Sawal Wa Jawab (Dr. Zubair Ansari),1.jpg,.jpg,4400628
D:\Idara_Bookstore\bulk_images\Kulliyat E Umoore Tabbiya ke Sawal Wa Jawab (Dr. Zubair Ansari),2.jpg,.jpg,6201018
D:\Idara_Bookstore\bulk_images\Kulliyat E Umoore Tabbiya ke Sawal Wa Jawab (Dr. Zubair Ansari),3.jpg,.jpg,1945026
D:\Idara_Bookstore\bulk_images\Kulliyat E Umoore Tabbiya ke Sawal Wa Jawab (Dr. Zubair Ansari),4.jpg,.jpg,9144426
D:\Idara_Bookstore\bulk_images\Kulliyat Ke Mubahis Zaroori (Hkm. Md. Kabiruddin),1.jpg,.jpg,2271769
D:\Idara_Bookstore\bulk_images\Kulliyat Ke Mubahis Zaroori (Hkm. Md. Kabiruddin),2.jpg,.jpg,2653635
D:\Idara_Bookstore\bulk_images\Kulliyat Ke Mubahis Zaroori (Hkm. Md. Kabiruddin),4.jpg,.jpg,3101358
D:\Idara_Bookstore\bulk_images\Kulliyat MCQs (Dr. Saleem Akhtar),1.jpg,.jpg,2335034
D:\Idara_Bookstore\bulk_images\Kulliyat MCQs (Dr. Saleem Akhtar),2.jpg,.jpg,2969788
D:\Idara_Bookstore\bulk_images\Kulliyat MCQs (Dr. Saleem Akhtar),3.jpg,.jpg,1920791
D:\Idara_Bookstore\bulk_images\Kulliyat MCQs (Dr. Saleem Akhtar),4.jpg,.jpg,3428016
D:\Idara_Bookstore\bulk_images\Kulliyat-e-Advia (Hkm. Waseem Azmi),1.jpg,.jpg,6400900
D:\Idara_Bookstore\bulk_images\Kulliyat-e-Advia (Hkm. Waseem Azmi),2.jpg,.jpg,4744088
D:\Idara_Bookstore\bulk_images\Kulliyat-e-Advia (Hkm. Waseem Azmi),3.jpg,.jpg,1988740
D:\Idara_Bookstore\bulk_images\Kulliyat-e-Advia (Hkm. Waseem Azmi),4.jpg,.jpg,9459563
D:\Idara_Bookstore\bulk_images\Kulliyate Advia Eng (Hkm. Waseem Azmi),1.jpg,.jpg,1456245
D:\Idara_Bookstore\bulk_images\Kulliyate Advia Eng (Hkm. Waseem Azmi),2.jpg,.jpg,4359158
D:\Idara_Bookstore\bulk_images\Kulliyate Advia Eng (Hkm. Waseem Azmi),3.jpg,.jpg,739906
D:\Idara_Bookstore\bulk_images\Kulliyate Advia Eng (Hkm. Waseem Azmi),4.jpg,.jpg,5393934
D:\Idara_Bookstore\bulk_images\Kulliyate Asri (Dr. Ishtiyaq Ahmad),1.jpg,.jpg,2608429
D:\Idara_Bookstore\bulk_images\Kulliyate Asri (Dr. Ishtiyaq Ahmad),4.jpg,.jpg,3377085
D:\Idara_Bookstore\bulk_images\Kulliyate Iqbal (Allama Md. Iqbal),4.jpg,.jpg,7930537
D:\Idara_Bookstore\bulk_images\Kulliyate Tehqeqaat Vol.1-2 (Sabir Multani),1.png,.png,5665896
D:\Idara_Bookstore\bulk_images\Kulliyate Tehqeqaat Vol.1-2 (Sabir Multani),2.png,.png,4055954
D:\Idara_Bookstore\bulk_images\Kulliyate Tehqeqaat Vol.1-2 (Sabir Multani),4.png,.png,11312680
D:\Idara_Bookstore\bulk_images\Kulliyate Umoore Tabaiyya (Hkm. Tashkeer Ahmad),1.jpg,.jpg,2832597
D:\Idara_Bookstore\bulk_images\Kulliyate Umoore Tabaiyya (Hkm. Tashkeer Ahmad),2.jpg,.jpg,3984172
D:\Idara_Bookstore\bulk_images\Kulliyate Umoore Tabaiyya (Hkm. Tashkeer Ahmad),4.jpg,.jpg,6290427
D:\Idara_Bookstore\bulk_images\Laboratory Guide (Dr. Atiqur Rehman),1.jpg,.jpg,6048460
D:\Idara_Bookstore\bulk_images\Laboratory Guide (Dr. Atiqur Rehman),2.jpg,.jpg,4549697
D:\Idara_Bookstore\bulk_images\Laboratory Guide (Dr. Atiqur Rehman),4.jpg,.jpg,8843785
D:\Idara_Bookstore\bulk_images\Lasani Lughat Advia (Pandit Thakur Dat Sharma),1.jpg,.jpg,5808158
D:\Idara_Bookstore\bulk_images\Lasani Lughat Advia (Pandit Thakur Dat Sharma),2.jpg,.jpg,5612206
D:\Idara_Bookstore\bulk_images\Lasani Lughat Advia (Pandit Thakur Dat Sharma),4.jpg,.jpg,9793931
D:\Idara_Bookstore\bulk_images\Left\Academic 21st Century Dictionary,1.jpg,.jpg,10719250
D:\Idara_Bookstore\bulk_images\Left\Academic 21st Century Dictionary,2.jpg,.jpg,7163326
D:\Idara_Bookstore\bulk_images\Left\Academic 21st Century Dictionary,4.jpg,.jpg,18284003
D:\Idara_Bookstore\bulk_images\Left\Amraz Niswan Wa Ilmul Qabalat,1.jpg,.jpg,6390424
D:\Idara_Bookstore\bulk_images\Left\Amraz Niswan Wa Ilmul Qabalat,2.jpg,.jpg,6487903
D:\Idara_Bookstore\bulk_images\Left\Amraz Niswan Wa Ilmul Qabalat,4.jpg,.jpg,11546987
D:\Idara_Bookstore\bulk_images\Left\Amraze Uzn Unf Wa Halq (Waseem Azmi),1.jpg,.jpg,2722985
D:\Idara_Bookstore\bulk_images\Left\Amraze Uzn Unf Wa Halq (Waseem Azmi),2.jpg,.jpg,3192070
D:\Idara_Bookstore\bulk_images\Left\Amraze Uzn Unf Wa Halq (Waseem Azmi),4.jpg,.jpg,5655862
D:\Idara_Bookstore\bulk_images\Left\Dewan e Ghalib,1.jpg,.jpg,711366
D:\Idara_Bookstore\bulk_images\Left\Dewan e Ghalib,2.jpg,.jpg,693664
D:\Idara_Bookstore\bulk_images\Left\Dewan e Ghalib,3.jpg,.jpg,1864021
D:\Idara_Bookstore\bulk_images\Left\Dewan e Ghalib,4.jpg,.jpg,968574
D:\Idara_Bookstore\bulk_images\Left\Diabetes Kabil E Ilaj Hai,4.jpg,.jpg,2219576
D:\Idara_Bookstore\bulk_images\Left\Fawakeh Kashmir,1.jpg,.jpg,1689565
D:\Idara_Bookstore\bulk_images\Left\Fawakeh Kashmir,2.jpg,.jpg,1800382
D:\Idara_Bookstore\bulk_images\Left\Fawakeh Kashmir,3.jpg,.jpg,623370
D:\Idara_Bookstore\bulk_images\Left\Fawakeh Kashmir,Fawakeh Kashmir.jpg,.jpg,2957058
D:\Idara_Bookstore\bulk_images\Left\Glossary of Surgery,1.jpg,.jpg,1622992
D:\Idara_Bookstore\bulk_images\Left\Glossary of Surgery,2.jpg,.jpg,2975134
D:\Idara_Bookstore\bulk_images\Left\Glossary of Surgery,3.jpg,.jpg,740646
D:\Idara_Bookstore\bulk_images\Left\Glossary of Surgery,4.jpg,.jpg,4248451
D:\Idara_Bookstore\bulk_images\Left\Ibtedai Falsafa wa Mantiq,1.jpg,.jpg,2241027
D:\Idara_Bookstore\bulk_images\Left\Ibtedai Falsafa wa Mantiq,2.jpg,.jpg,2803891
D:\Idara_Bookstore\bulk_images\Left\Ibtedai Falsafa wa Mantiq,3.jpg,.jpg,670150
D:\Idara_Bookstore\bulk_images\Left\Ibtedai Falsafa wa Mantiq,4.jpg,.jpg,4565846
D:\Idara_Bookstore\bulk_images\Left\Ilaj Bil Tadbeer (Dr. Mohd Ahsanullah),1.jpg,.jpg,2687234
D:\Idara_Bookstore\bulk_images\Left\Ilaj Bil Tadbeer (Dr. Mohd Ahsanullah),2.jpg,.jpg,2709713
D:\Idara_Bookstore\bulk_images\Left\Ilaj Bil Tadbeer (Dr. Mohd Ahsanullah),4.jpg,.jpg,3673164
D:\Idara_Bookstore\bulk_images\Left\Ilaj Ul Amraz (Shareef Khan),1.jpg,.jpg,1845048
D:\Idara_Bookstore\bulk_images\Left\Ilaj Ul Amraz (Shareef Khan),2.jpg,.jpg,1953039
D:\Idara_Bookstore\bulk_images\Left\Ilaj Ul Amraz (Shareef Khan),4.jpg,.jpg,3418321
D:\Idara_Bookstore\bulk_images\Left\Ilme Taskheesh,1.jpg,.jpg,2910139
D:\Idara_Bookstore\bulk_images\Left\Ilme Taskheesh,2.jpg,.jpg,3261136
D:\Idara_Bookstore\bulk_images\Left\Ilme Taskheesh,4.jpg,.jpg,5867150
D:\Idara_Bookstore\bulk_images\Left\Jame ul Advia (Abdul Bari),4.jpg,.jpg,3627225
D:\Idara_Bookstore\bulk_images\Left\Karamad Gharelu Ghizai Nuskhe,1.jpg,.jpg,2941208
D:\Idara_Bookstore\bulk_images\Left\Karamad Gharelu Ghizai Nuskhe,2.jpg,.jpg,3009354
D:\Idara_Bookstore\bulk_images\Left\Karamad Gharelu Ghizai Nuskhe,3.jpg,.jpg,1908589
D:\Idara_Bookstore\bulk_images\Left\Karamad Gharelu Ghizai Nuskhe,4.jpg,.jpg,4147122
D:\Idara_Bookstore\bulk_images\Left\Kitab Ul Murakkabat (Nafees Khan),1.jpg,.jpg,565412
D:\Idara_Bookstore\bulk_images\Left\Kitab Ul Murakkabat (Nafees Khan),2.jpg,.jpg,547008
D:\Idara_Bookstore\bulk_images\Left\Kitab Ul Murakkabat (Nafees Khan),4.jpg,.jpg,7691122
D:\Idara_Bookstore\bulk_images\Left\Kitab Us Saidla (Nafees Khan),1.jpg,.jpg,645578
D:\Idara_Bookstore\bulk_images\Left\Kitab Us Saidla (Nafees Khan),2.jpg,.jpg,500025
D:\Idara_Bookstore\bulk_images\Left\Kitab Us Saidla (Nafees Khan),4.jpg,.jpg,7275903
D:\Idara_Bookstore\bulk_images\Left\Kulliyat Tehqeeqat (Sabir Multani),1.jpg,.jpg,3223948
D:\Idara_Bookstore\bulk_images\Left\Kulliyat Tehqeeqat (Sabir Multani),2.jpg,.jpg,3678712
D:\Idara_Bookstore\bulk_images\Left\Kulliyat Tehqeeqat (Sabir Multani),4.jpg,.jpg,5387897
D:\Idara_Bookstore\bulk_images\Left\Lughat Abjad Shumali,1.jpg,.jpg,3736766
D:\Idara_Bookstore\bulk_images\Left\Lughat Abjad Shumali,2.jpg,.jpg,3037103
D:\Idara_Bookstore\bulk_images\Left\Lughat Abjad Shumali,4.jpg,.jpg,5624160
D:\Idara_Bookstore\bulk_images\Left\Lughat e kishori,1.jpg,.jpg,9764370
D:\Idara_Bookstore\bulk_images\Left\Lughat e kishori,2.jpg,.jpg,9621119
D:\Idara_Bookstore\bulk_images\Left\Lughat e kishori,4.jpg,.jpg,18846066
D:\Idara_Bookstore\bulk_images\Left\Makhzan Ul Jawahar Tibbi Doctory Lughat (Hkm. Gulam Jeelani),1.jpg,.jpg,422094
D:\Idara_Bookstore\bulk_images\Left\Makhzan Ul Jawahar Tibbi Doctory Lughat (Hkm. Gulam Jeelani),2.jpg,.jpg,454734
D:\Idara_Bookstore\bulk_images\Left\Makhzan Ul Jawahar Tibbi Doctory Lughat (Hkm. Gulam Jeelani),4.jpg,.jpg,8729653
D:\Idara_Bookstore\bulk_images\Left\Matab-e-Amli (Hkm. Ajmal Khan),1.jpg,.jpg,4705601
D:\Idara_Bookstore\bulk_images\Left\Matab-e-Amli (Hkm. Ajmal Khan),2.jpg,.jpg,3497653
D:\Idara_Bookstore\bulk_images\Left\Matab-e-Amli (Hkm. Ajmal Khan),3.jpg,.jpg,744378
D:\Idara_Bookstore\bulk_images\Left\Matab-e-Amli (Hkm. Ajmal Khan),4.jpg,.jpg,7841831
D:\Idara_Bookstore\bulk_images\Left\Minhaj Ul Arabia Vol 1-2,1.1.jpg,.jpg,1016032
D:\Idara_Bookstore\bulk_images\Left\Minhaj Ul Arabia Vol 1-2,1.2.jpg,.jpg,93666
D:\Idara_Bookstore\bulk_images\Left\Minhaj Ul Arabia Vol 1-2,1.4.jpg,.jpg,7001722
D:\Idara_Bookstore\bulk_images\Left\Minhaj Ul Arabia Vol 1-2,2.1.jpg,.jpg,833908
D:\Idara_Bookstore\bulk_images\Left\Minhaj Ul Arabia Vol 1-2,2.2.jpg,.jpg,90265
D:\Idara_Bookstore\bulk_images\Left\Minhaj Ul Arabia Vol 1-2,2.4.jpg,.jpg,5549867
D:\Idara_Bookstore\bulk_images\Left\Mujarebat Imam Suiti,1.jpg,.jpg,3131005
D:\Idara_Bookstore\bulk_images\Left\Mujarebat Imam Suiti,2.jpg,.jpg,2932796
D:\Idara_Bookstore\bulk_images\Left\Mujarebat Imam Suiti,4.jpg,.jpg,4430165
D:\Idara_Bookstore\bulk_images\Left\Nizam-e-Asab (Aqil Rizvi),4.jpg,.jpg,4133221
D:\Idara_Bookstore\bulk_images\Left\Phaloo aur Phuloo se Ilaj,1.jpg,.jpg,1534940
D:\Idara_Bookstore\bulk_images\Left\Phaloo aur Phuloo se Ilaj,2.jpg,.jpg,885009
D:\Idara_Bookstore\bulk_images\Left\Phaloo aur Phuloo se Ilaj,4.jpg,.jpg,1880939
D:\Idara_Bookstore\bulk_images\Left\Pharmacology (Mubeen Khan),1.jpg,.jpg,1392275
D:\Idara_Bookstore\bulk_images\Left\Pharmacology (Mubeen Khan),2.jpg,.jpg,1904813
D:\Idara_Bookstore\bulk_images\Left\Pharmacology (Mubeen Khan),3.jpg,.jpg,664100
D:\Idara_Bookstore\bulk_images\Left\Pharmacology (Mubeen Khan),4.jpg,.jpg,2919143
D:\Idara_Bookstore\bulk_images\Left\Qadeem Ilmul Amraz (Zillur Rehman),1.jpg,.jpg,1059392
D:\Idara_Bookstore\bulk_images\Left\Qadeem Ilmul Amraz (Zillur Rehman),2.jpg,.jpg,1129839
D:\Idara_Bookstore\bulk_images\Left\Qadeem Ilmul Amraz (Zillur Rehman),4.jpg,.jpg,1683907
D:\Idara_Bookstore\bulk_images\Left\Qawaid e Urdu,1.jpg,.jpg,2302560
D:\Idara_Bookstore\bulk_images\Left\Qawaid e Urdu,2.jpg,.jpg,2079483
D:\Idara_Bookstore\bulk_images\Left\Qawaid e Urdu,4.jpg,.jpg,2548412
D:\Idara_Bookstore\bulk_images\Left\Regimental Therapies  2018 {Ilaj Bil Tadbeer} (Dr. Izharul Hassan),1.jpg,.jpg,1510907
D:\Idara_Bookstore\bulk_images\Left\Regimental Therapies  2018 {Ilaj Bil Tadbeer} (Dr. Izharul Hassan),2.jpg,.jpg,1984002
D:\Idara_Bookstore\bulk_images\Left\Regimental Therapies  2018 {Ilaj Bil Tadbeer} (Dr. Izharul Hassan),3.jpg,.jpg,664255
D:\Idara_Bookstore\bulk_images\Left\Regimental Therapies  2018 {Ilaj Bil Tadbeer} (Dr. Izharul Hassan),4.jpg,.jpg,3005391
D:\Idara_Bookstore\bulk_images\Left\Rehbar Urdu Qawaid,1.jpg,.jpg,3636753
D:\Idara_Bookstore\bulk_images\Left\Rehbar Urdu Qawaid,2.jpg,.jpg,3297569
D:\Idara_Bookstore\bulk_images\Left\Rehbar Urdu Qawaid,3.jpg,.jpg,1914472
D:\Idara_Bookstore\bulk_images\Left\Rehbar Urdu Qawaid,4.jpg,.jpg,5211806
D:\Idara_Bookstore\bulk_images\Left\Risala Jaraseem aur Tibbe Qadeem (Hkm. Kabiruddin),1.jpg,.jpg,3560948
D:\Idara_Bookstore\bulk_images\Left\Risala Jaraseem aur Tibbe Qadeem (Hkm. Kabiruddin),2.jpg,.jpg,2716364
D:\Idara_Bookstore\bulk_images\Left\Risala Jaraseem aur Tibbe Qadeem (Hkm. Kabiruddin),4.jpg,.jpg,4442164
D:\Idara_Bookstore\bulk_images\Left\Risalah Wabal Wa Nikal,1.jpg,.jpg,2412532
D:\Idara_Bookstore\bulk_images\Left\Risalah Wabal Wa Nikal,2.jpg,.jpg,3108550
D:\Idara_Bookstore\bulk_images\Left\Risalah Wabal Wa Nikal,4.jpg,.jpg,3694045
D:\Idara_Bookstore\bulk_images\Left\Shara Minhaj Ul Arabia Vol 1-2,1.1.jpg,.jpg,1015884
D:\Idara_Bookstore\bulk_images\Left\Shara Minhaj Ul Arabia Vol 1-2,1.2.jpg,.jpg,109048
D:\Idara_Bookstore\bulk_images\Left\Shara Minhaj Ul Arabia Vol 1-2,1.4.jpg,.jpg,5526160
D:\Idara_Bookstore\bulk_images\Left\Shara Minhaj Ul Arabia Vol 1-2,2.1.jpg,.jpg,827228
D:\Idara_Bookstore\bulk_images\Left\Shara Minhaj Ul Arabia Vol 1-2,2.2.jpg,.jpg,115832
D:\Idara_Bookstore\bulk_images\Left\Shara Minhaj Ul Arabia Vol 1-2,2.4.jpg,.jpg,5093468
D:\Idara_Bookstore\bulk_images\Left\Tahfuzzi Wa Samaji Tibb (Wasim Azmi),1.jpg,.jpg,2924009
D:\Idara_Bookstore\bulk_images\Left\Tahfuzzi Wa Samaji Tibb (Wasim Azmi),2.jpg,.jpg,2919092
D:\Idara_Bookstore\bulk_images\Left\Tahfuzzi Wa Samaji Tibb (Wasim Azmi),4.jpg,.jpg,5594685
D:\Idara_Bookstore\bulk_images\Left\The Mizaj & Infialat-e-nafsaniyah,1.jpg,.jpg,1664984
D:\Idara_Bookstore\bulk_images\Left\The Mizaj & Infialat-e-nafsaniyah,2.jpg,.jpg,2993396
D:\Idara_Bookstore\bulk_images\Left\The Mizaj & Infialat-e-nafsaniyah,3.jpg,.jpg,653511
D:\Idara_Bookstore\bulk_images\Left\The Mizaj & Infialat-e-nafsaniyah,4.jpg,.jpg,4306660
D:\Idara_Bookstore\bulk_images\Left\Tibbe Qanooni (Mubeen Khan),1.jpg,.jpg,1096433
D:\Idara_Bookstore\bulk_images\Left\Urdu Kese Seekhe,1.jpg,.jpg,7135912
D:\Idara_Bookstore\bulk_images\Left\Urdu Kese Seekhe,2.jpg,.jpg,1537382
D:\Idara_Bookstore\bulk_images\Left\Urdu Kese Seekhe,4.jpg,.jpg,8683840
D:\Idara_Bookstore\bulk_images\Left\Ziabetes,4.jpg,.jpg,2213804
D:\Idara_Bookstore\bulk_images\Left\Zindagi Jeena Seekhe,1.jpg,.jpg,4886569
D:\Idara_Bookstore\bulk_images\Left\Zindagi Jeena Seekhe,2.jpg,.jpg,4114330
D:\Idara_Bookstore\bulk_images\Left\Zindagi Jeena Seekhe,4.jpg,.jpg,7257487
D:\Idara_Bookstore\bulk_images\Left Title,100 Khake.jpg,.jpg,2302394
D:\Idara_Bookstore\bulk_images\Left Title,10000 Aqwal.jpg,.jpg,2991881
D:\Idara_Bookstore\bulk_images\Left Title,2000 Aqwal.jpg,.jpg,2306730
D:\Idara_Bookstore\bulk_images\Left Title,2000 Mehakte Ashar.jpg,.jpg,2220752
D:\Idara_Bookstore\bulk_images\Left Title,26 Surtain.jpg,.jpg,1003541
D:\Idara_Bookstore\bulk_images\Left Title,50 Drame Aur Khake.jpg,.jpg,2331936
D:\Idara_Bookstore\bulk_images\Left Title,5000 Aqwal.jpg,.jpg,2309131
D:\Idara_Bookstore\bulk_images\Left Title,Aak.jpg,.jpg,178250
D:\Idara_Bookstore\bulk_images\Left Title,Aam.jpg,.jpg,179212
D:\Idara_Bookstore\bulk_images\Left Title,Adrak.jpg,.jpg,179009
D:\Idara_Bookstore\bulk_images\Left Title,Akseeri Nuskhy 17-9 B.jpg,.jpg,195418
D:\Idara_Bookstore\bulk_images\Left Title,Al Asma.jpg,.jpg,247157
D:\Idara_Bookstore\bulk_images\Left Title,Aloo ky Pakwan.jpg,.jpg,278879
D:\Idara_Bookstore\bulk_images\Left Title,Anar.jpg,.jpg,198485
D:\Idara_Bookstore\bulk_images\Left Title,Angoor.jpg,.jpg,170059
D:\Idara_Bookstore\bulk_images\Left Title,Arand.jpg,.jpg,211144
D:\Idara_Bookstore\bulk_images\Left Title,Ashab E Kehaf.jpg,.jpg,5279531
D:\Idara_Bookstore\bulk_images\Left Title,Asma e Mohd.jpg,.jpg,408037
D:\Idara_Bookstore\bulk_images\Left Title,Astakhwaar.jpg,.jpg,248124
D:\Idara_Bookstore\bulk_images\Left Title,Aurtoo Ki Bimariya Imamuddin Zakai.jpg,.jpg,1156486
D:\Idara_Bookstore\bulk_images\Left Title,Ayaatul Kursi.jpg,.jpg,398891
D:\Idara_Bookstore\bulk_images\Left Title,Ayat E Kursi.jpg,.jpg,671210
D:\Idara_Bookstore\bulk_images\Left Title,Ayate Kareema.jpg,.jpg,336083
D:\Idara_Bookstore\bulk_images\Left Title,Badam.jpg,.jpg,139639
D:\Idara_Bookstore\bulk_images\Left Title,Baiiit Bazi Shamshul Rehman.jpg,.jpg,2304196
D:\Idara_Bookstore\bulk_images\Left Title,Bait Baazi Imtiyaz Ali.jpg,.jpg,2346129
D:\Idara_Bookstore\bulk_images\Left Title,Bait Baazi Shebaz Ali.jpg,.jpg,2312090
D:\Idara_Bookstore\bulk_images\Left Title,Barbi Q.jpg,.jpg,444431
D:\Idara_Bookstore\bulk_images\Left Title,Bismillah.jpg,.jpg,287487
D:\Idara_Bookstore\bulk_images\Left Title,Burgad.jpg,.jpg,188663
D:\Idara_Bookstore\bulk_images\Left Title,Char Kul.jpg,.jpg,3495132
D:\Idara_Bookstore\bulk_images\Left Title,Dahi.jpg,.jpg,2621650
D:\Idara_Bookstore\bulk_images\Left Title,Daud Sadaf.jpg,.jpg,2464692
D:\Idara_Bookstore\bulk_images\Left Title,Dehati Moalij Hindi.jpg,.jpg,1310624
D:\Idara_Bookstore\bulk_images\Left Title,Dewan e Ghalib.jpg,.jpg,1499262
D:\Idara_Bookstore\bulk_images\Left Title,Dhanya.jpg,.jpg,203153
D:\Idara_Bookstore\bulk_images\Left Title,Dhatura.jpg,.jpg,207132
D:\Idara_Bookstore\bulk_images\Left Title,Diabetes Kabil E Ilaj Hai.jpg,.jpg,2234617
D:\Idara_Bookstore\bulk_images\Left Title,Diabetes Shoaib Akhtar.jpg,.jpg,2209183
D:\Idara_Bookstore\bulk_images\Left Title,Dil Pasand Khaney.jpg,.jpg,404046
D:\Idara_Bookstore\bulk_images\Left Title,Doodh.jpg,.jpg,2080148
D:\Idara_Bookstore\bulk_images\Left Title,Fawakeh Kashmir.jpg,.jpg,1326878
D:\Idara_Bookstore\bulk_images\Left Title,Ganjenai Rozgar.jpg,.jpg,1303928
D:\Idara_Bookstore\bulk_images\Left Title,Garam Masala say Ilaj.jpg,.jpg,140080
D:\Idara_Bookstore\bulk_images\Left Title,Garam Masaly say Ilaj.jpg,.jpg,140080
D:\Idara_Bookstore\bulk_images\Left Title,Ghee.jpg,.jpg,2606482
D:\Idara_Bookstore\bulk_images\Left Title,Ghekwar.jpg,.jpg,2015656
D:\Idara_Bookstore\bulk_images\Left Title,Gosht say Ilaj.jpg,.jpg,165204
D:\Idara_Bookstore\bulk_images\Left Title,Grabhshastr (1).jpg,.jpg,129494
D:\Idara_Bookstore\bulk_images\Left Title,Gul Surkh.jpg,.jpg,2891804
D:\Idara_Bookstore\bulk_images\Left Title,Gurdon ky Imraz.jpg,.jpg,251297
D:\Idara_Bookstore\bulk_images\Left Title,Haldi.jpg,.jpg,171666
D:\Idara_Bookstore\bulk_images\Left Title,Harar.jpg,.jpg,240699
D:\Idara_Bookstore\bulk_images\Left Title,Husna Allah.jpg,.jpg,185329
D:\Idara_Bookstore\bulk_images\Left Title,Indrain.jpg,.jpg,171661
D:\Idara_Bookstore\bulk_images\Left Title,Isme Azam.jpg,.jpg,601984
D:\Idara_Bookstore\bulk_images\Left Title,Jamul Hikmat.jpg,.jpg,690398
D:\Idara_Bookstore\bulk_images\Left Title,Kaddu.jpg,.jpg,145539
D:\Idara_Bookstore\bulk_images\Left Title,Kafoor (1).jpg,.jpg,214366
D:\Idara_Bookstore\bulk_images\Left Title,Kali Mirch aur Shehed.jpg,.jpg,179584
D:\Idara_Bookstore\bulk_images\Left Title,KAlma Tayyaba.jpg,.jpg,280209
D:\Idara_Bookstore\bulk_images\Left Title,Keeker.jpg,.jpg,197623
D:\Idara_Bookstore\bulk_images\Left Title,Khajoor aur Shehed say ilaj.jpg,.jpg,251962
D:\Idara_Bookstore\bulk_images\Left Title,kHWAS Gajar.jpg,.jpg,140597
D:\Idara_Bookstore\bulk_images\Left Title,Kodi.jpg,.jpg,2748911
D:\Idara_Bookstore\bulk_images\Left Title,Kokab ky khaney.jpg,.jpg,331214
D:\Idara_Bookstore\bulk_images\Left Title,Lahol Wilaquata.jpg,.jpg,372741
D:\Idara_Bookstore\bulk_images\Left Title,Lehsun.jpg,.jpg,146339
D:\Idara_Bookstore\bulk_images\Left Title,Lohay Qurani Mushkelaat ka hal.jpg,.jpg,380845
D:\Idara_Bookstore\bulk_images\Left Title,Lughatul Advia.jpg,.jpg,258224
D:\Idara_Bookstore\bulk_images\Left Title,Masaley dar Dasterkhwan.jpg,.jpg,410708
D:\Idara_Bookstore\bulk_images\Left Title,Matab Sharifi 17-9.jpg,.jpg,196882
D:\Idara_Bookstore\bulk_images\Left Title,Mehndi.jpg,.jpg,194805
D:\Idara_Bookstore\bulk_images\Left Title,Methey Pakwan.jpg,.jpg,382670
D:\Idara_Bookstore\bulk_images\Left Title,Mirch.jpg,.jpg,168722
D:\Idara_Bookstore\bulk_images\Left Title,Mooli.jpg,.jpg,227294
D:\Idara_Bookstore\bulk_images\Left Title,mualijaat.jpg,.jpg,1504827
D:\Idara_Bookstore\bulk_images\Left Title,Nai Jawani (1).jpg,.jpg,108790
D:\Idara_Bookstore\bulk_images\Left Title,Namak.jpg,.jpg,3258190
D:\Idara_Bookstore\bulk_images\Left Title,Neeboo.jpg,.jpg,133473
D:\Idara_Bookstore\bulk_images\Left Title,Neem.jpg,.jpg,222346
D:\Idara_Bookstore\bulk_images\Left Title,Peepel.jpg,.jpg,179616
D:\Idara_Bookstore\bulk_images\Left Title,Perhez aur Gheza.jpg,.jpg,234091
D:\Idara_Bookstore\bulk_images\Left Title,Peyaz.jpg,.jpg,239578
D:\Idara_Bookstore\bulk_images\Left Title,Phal aur phool ok.jpg,.jpg,258510
D:\Idara_Bookstore\bulk_images\Left Title,Phitkari.jpg,.jpg,2509218
D:\Idara_Bookstore\bulk_images\Left Title,Pudina.jpg,.jpg,178496
D:\Idara_Bookstore\bulk_images\Left Title,Retha.jpg,.jpg,198496
D:\Idara_Bookstore\bulk_images\Left Title,Sabaq Amroz Khanania Asad Bukhari.jpg,.jpg,400694
D:\Idara_Bookstore\bulk_images\Left Title,Santra.jpg,.jpg,120510
D:\Idara_Bookstore\bulk_images\Left Title,Saonf.jpg,.jpg,3287413
D:\Idara_Bookstore\bulk_images\Left Title,Satyanasi.jpg,.jpg,193294
D:\Idara_Bookstore\bulk_images\Left Title,Sayb.jpg,.jpg,114027
D:\Idara_Bookstore\bulk_images\Left Title,Science Quiz Dr. Iqbal.jpg,.jpg,2645812
D:\Idara_Bookstore\bulk_images\Left Title,Scienci Maloomat Ahsaan Hasan.jpg,.jpg,2196800
D:\Idara_Bookstore\bulk_images\Left Title,Shaheed e Azam.jpg,.jpg,2332540
D:\Idara_Bookstore\bulk_images\Left Title,Sharbat Se Ilaj .tif,.tif,10336352
D:\Idara_Bookstore\bulk_images\Left Title,Shehed.jpg,.jpg,144471
D:\Idara_Bookstore\bulk_images\Left Title,Shehtoot.jpg,.jpg,208863
D:\Idara_Bookstore\bulk_images\Left Title,Shikwah.jpg,.jpg,521115
D:\Idara_Bookstore\bulk_images\Left Title,Sonf.jpg,.jpg,194838
D:\Idara_Bookstore\bulk_images\Left Title,Surah Iklas.jpg,.jpg,205487
D:\Idara_Bookstore\bulk_images\Left Title,Surah Maryam.jpg,.jpg,429988
D:\Idara_Bookstore\bulk_images\Left Title,Surah Yaseen.jpg,.jpg,241299
D:\Idara_Bookstore\bulk_images\Left Title,Taj Ul Hikmat.jpg,.jpg,2036319
D:\Idara_Bookstore\bulk_images\Left Title,Tajrubate Matab Abdul Mannan.jpg,.jpg,1406744
D:\Idara_Bookstore\bulk_images\Left Title,Talassimi Nuskhey 17-9-14.jpg,.jpg,229351
D:\Idara_Bookstore\bulk_images\Left Title,tambaco.jpg,.jpg,204333
D:\Idara_Bookstore\bulk_images\Left Title,Tarbooz.jpg,.jpg,138973
D:\Idara_Bookstore\bulk_images\Left Title,Tarikhi Kahania Imtiyaz Ali.jpg,.jpg,2225122
D:\Idara_Bookstore\bulk_images\Left Title,Tash Kheesh Ramoosh.jpg,.jpg,814745
D:\Idara_Bookstore\bulk_images\Left Title,Tashreeul Azam.jpg,.jpg,7771263
D:\Idara_Bookstore\bulk_images\Left Title,Tib e Nabvi.jpg,.jpg,203258
D:\Idara_Bookstore\bulk_images\Left Title,Toxicology.tif,.tif,12276752
D:\Idara_Bookstore\bulk_images\Left Title,Tuba astagfar.jpg,.jpg,404893
D:\Idara_Bookstore\bulk_images\Left Title,Ummul Ilaj.jpg,.jpg,1103229
D:\Idara_Bookstore\bulk_images\Left Title,Umoore Tibbiya Israrul Haq.jpg,.jpg,981531
D:\Idara_Bookstore\bulk_images\Left Title,Unani Advia Murakkaba Hassan Nigrami.jpg,.jpg,2659875
D:\Idara_Bookstore\bulk_images\Left Title,Zindagi Jeena Sikhe.jpg,.jpg,2626288
D:\Idara_Bookstore\bulk_images\Lisanul Arabia (Dr. Abdul Quddus),1.jpg,.jpg,4569106
D:\Idara_Bookstore\bulk_images\Lisanul Arabia (Dr. Abdul Quddus),2.jpg,.jpg,3749682
D:\Idara_Bookstore\bulk_images\Lisanul Arabia (Dr. Abdul Quddus),3.jpg,.jpg,737289
D:\Idara_Bookstore\bulk_images\Lisanul Arabia (Dr. Abdul Quddus),4.jpg,.jpg,8015541
D:\Idara_Bookstore\bulk_images\Luqmani Formulae (Abdul Wahid),1.jpg,.jpg,4891818
D:\Idara_Bookstore\bulk_images\Luqmani Formulae (Abdul Wahid),2.jpg,.jpg,6102135
D:\Idara_Bookstore\bulk_images\Luqmani Formulae (Abdul Wahid),3.jpg,.jpg,2044161
D:\Idara_Bookstore\bulk_images\Luqmani Formulae (Abdul Wahid),4.jpg,.jpg,9411531
D:\Idara_Bookstore\bulk_images\Luqmani Guide (Hkm. Peer Abdul Rahim),1.jpg,.jpg,6695764
D:\Idara_Bookstore\bulk_images\Luqmani Guide (Hkm. Peer Abdul Rahim),2.jpg,.jpg,8334147
D:\Idara_Bookstore\bulk_images\Luqmani Guide (Hkm. Peer Abdul Rahim),3.jpg,.jpg,742857
D:\Idara_Bookstore\bulk_images\Luqmani Guide (Hkm. Peer Abdul Rahim),4.jpg,.jpg,15118539
D:\Idara_Bookstore\bulk_images\Madan Al Akseer Dar Ilme Kushtajaat (Hkm. Md. Firoozuddin),1.jpg,.jpg,3669241
D:\Idara_Bookstore\bulk_images\Madan Al Akseer Dar Ilme Kushtajaat (Hkm. Md. Firoozuddin),2.jpg,.jpg,3380249
D:\Idara_Bookstore\bulk_images\Madan Al Akseer Dar Ilme Kushtajaat (Hkm. Md. Firoozuddin),4.jpg,.jpg,5189771
D:\Idara_Bookstore\bulk_images\Maheetul Amraz (Gulam Haider Khan),1.jpg,.jpg,3961906
D:\Idara_Bookstore\bulk_images\Maheetul Amraz (Gulam Haider Khan),2.jpg,.jpg,3653537
D:\Idara_Bookstore\bulk_images\Maheetul Amraz (Gulam Haider Khan),3.jpg,.jpg,743116
D:\Idara_Bookstore\bulk_images\Maheetul Amraz (Gulam Haider Khan),4.jpg,.jpg,7013293
D:\Idara_Bookstore\bulk_images\Maheetul Amraz Nizami Urdu (Dr. Saba,1.jpg,.jpg,2726598
D:\Idara_Bookstore\bulk_images\Maheetul Amraz Nizami Urdu (Dr. Saba,2.jpg,.jpg,3012755
D:\Idara_Bookstore\bulk_images\Maheetul Amraz Nizami Urdu (Dr. Saba,3.jpg,.jpg,1940995
D:\Idara_Bookstore\bulk_images\Maheetul Amraz Nizami Urdu (Dr. Saba,4.jpg,.jpg,4019003
D:\Idara_Bookstore\bulk_images\Majalis Habibul Ummat (Dr. Idress Habban),1.jpg,.jpg,7029621
D:\Idara_Bookstore\bulk_images\Majalis Habibul Ummat (Dr. Idress Habban),2.jpg,.jpg,6699258
D:\Idara_Bookstore\bulk_images\Majalis Habibul Ummat (Dr. Idress Habban),3.jpg,.jpg,746328
D:\Idara_Bookstore\bulk_images\Majalis Habibul Ummat (Dr. Idress Habban),4.jpg,.jpg,13829387
D:\Idara_Bookstore\bulk_images\Majmua Sawalat (Dr. Abdul Nasir Farooqi),1.jpg,.jpg,1467561
D:\Idara_Bookstore\bulk_images\Majmua Sawalat (Dr. Abdul Nasir Farooqi),2.jpg,.jpg,1829190
D:\Idara_Bookstore\bulk_images\Majmua Sawalat (Dr. Abdul Nasir Farooqi),3.jpg,.jpg,638719
D:\Idara_Bookstore\bulk_images\Majmua Sawalat (Dr. Abdul Nasir Farooqi),4.jpg,.jpg,2758882
D:\Idara_Bookstore\bulk_images\Makhzane Hikmat Vol.1-2 (Dr. Gulam Jeelani),1.1.jpg,.jpg,615182
D:\Idara_Bookstore\bulk_images\Makhzane Hikmat Vol.1-2 (Dr. Gulam Jeelani),1.2.jpg,.jpg,882315
D:\Idara_Bookstore\bulk_images\Makhzane Hikmat Vol.1-2 (Dr. Gulam Jeelani),1.4.jpg,.jpg,8858984
D:\Idara_Bookstore\bulk_images\Makhzane Hikmat Vol.1-2 (Dr. Gulam Jeelani),2.1.jpg,.jpg,652568
D:\Idara_Bookstore\bulk_images\Makhzane Hikmat Vol.1-2 (Dr. Gulam Jeelani),2.2.jpg,.jpg,808150
D:\Idara_Bookstore\bulk_images\Makhzane Hikmat Vol.1-2 (Dr. Gulam Jeelani),2.4.jpg,.jpg,8984191
D:\Idara_Bookstore\bulk_images\Makhzane Hikmat Vol.1-2 (Dr. Gulam Jeelani),3.jpg,.jpg,734845
D:\Idara_Bookstore\bulk_images\Makhzanul Ilaj (Biyaze Jeelani) (Hkm. Gulam Jeelani),1.jpg,.jpg,5651093
D:\Idara_Bookstore\bulk_images\Makhzanul Ilaj (Biyaze Jeelani) (Hkm. Gulam Jeelani),2.jpg,.jpg,8216475
D:\Idara_Bookstore\bulk_images\Makhzanul Ilaj (Biyaze Jeelani) (Hkm. Gulam Jeelani),4.jpg,.jpg,12572376
D:\Idara_Bookstore\bulk_images\Makhzanul Mufredat (Hkm. Mohd Kabiruddin),1.jpg,.jpg,4127708
D:\Idara_Bookstore\bulk_images\Makhzanul Mufredat (Hkm. Mohd Kabiruddin),2.jpg,.jpg,5508720
D:\Idara_Bookstore\bulk_images\Makhzanul Mufredat (Hkm. Mohd Kabiruddin),3.jpg,.jpg,738955
D:\Idara_Bookstore\bulk_images\Makhzanul Mufredat (Hkm. Mohd Kabiruddin),4.jpg,.jpg,9876530
D:\Idara_Bookstore\bulk_images\Mamulate Matab (Mirza Abdul Noor Baig),1.jpg,.jpg,2745554
D:\Idara_Bookstore\bulk_images\Mamulate Matab (Mirza Abdul Noor Baig),2.jpg,.jpg,4799892
D:\Idara_Bookstore\bulk_images\Mamulate Matab (Mirza Abdul Noor Baig),4.jpg,.jpg,5748928
D:\Idara_Bookstore\bulk_images\Maraj-ul-Bahrain (Dr. Syed Abdul Hameed),1.jpg,.jpg,5053369
D:\Idara_Bookstore\bulk_images\Maraj-ul-Bahrain (Dr. Syed Abdul Hameed),2.jpg,.jpg,5482524
D:\Idara_Bookstore\bulk_images\Maraj-ul-Bahrain (Dr. Syed Abdul Hameed),3.jpg,.jpg,742624
D:\Idara_Bookstore\bulk_images\Maraj-ul-Bahrain (Dr. Syed Abdul Hameed),4.jpg,.jpg,10239016
D:\Idara_Bookstore\bulk_images\Mardana Bimari Unka Mujarrab Ilaj (Hkm. Tajuddin),1.jpg,.jpg,3818113
D:\Idara_Bookstore\bulk_images\Mardana Bimari Unka Mujarrab Ilaj (Hkm. Tajuddin),2.jpg,.jpg,5443154
D:\Idara_Bookstore\bulk_images\Mardana Bimari Unka Mujarrab Ilaj (Hkm. Tajuddin),4.jpg,.jpg,8719215
D:\Idara_Bookstore\bulk_images\Masiyahe Tibb (Hkm. Bakir Khan),1.jpg,.jpg,1734453
D:\Idara_Bookstore\bulk_images\Masiyahe Tibb (Hkm. Bakir Khan),2.jpg,.jpg,4138714
D:\Idara_Bookstore\bulk_images\Masiyahe Tibb (Hkm. Bakir Khan),4.jpg,.jpg,5333016
D:\Idara_Bookstore\bulk_images\Matab Hameed (Hkm. S. Shujauddin Hamdani),1.jpg,.jpg,2356561
D:\Idara_Bookstore\bulk_images\Matab Hameed (Hkm. S. Shujauddin Hamdani),2.jpg,.jpg,4736241
D:\Idara_Bookstore\bulk_images\Matab Hameed (Hkm. S. Shujauddin Hamdani),4.jpg,.jpg,5422803
D:\Idara_Bookstore\bulk_images\Matab Nuskha Navesi (Hkm. Abdul Mannan),1.jpg,.jpg,4099204
D:\Idara_Bookstore\bulk_images\Matab Nuskha Navesi (Hkm. Abdul Mannan),2.jpg,.jpg,5062971
D:\Idara_Bookstore\bulk_images\Matab Nuskha Navesi (Hkm. Abdul Mannan),4.jpg,.jpg,7197143
D:\Idara_Bookstore\bulk_images\Meezan Ul Tibb (Hkm. Md. Akbar Arzani),1.jpg,.jpg,2040975
D:\Idara_Bookstore\bulk_images\Meezan Ul Tibb (Hkm. Md. Akbar Arzani),2.jpg,.jpg,2791990
D:\Idara_Bookstore\bulk_images\Meezan Ul Tibb (Hkm. Md. Akbar Arzani),4.jpg,.jpg,5205991
D:\Idara_Bookstore\bulk_images\Microbiology (Dr. Saba,1.jpg,.jpg,1549386
D:\Idara_Bookstore\bulk_images\Microbiology (Dr. Saba,2.jpg,.jpg,1543755
D:\Idara_Bookstore\bulk_images\Microbiology (Dr. Saba,3.jpg,.jpg,639562
D:\Idara_Bookstore\bulk_images\Microbiology (Dr. Saba,4.jpg,.jpg,2556856
D:\Idara_Bookstore\bulk_images\Miftahul Khazain (Hkm. Karim Bakash),1.jpg,.jpg,1593747
D:\Idara_Bookstore\bulk_images\Miftahul Khazain (Hkm. Karim Bakash),2.jpg,.jpg,1888900
D:\Idara_Bookstore\bulk_images\Miftahul Khazain (Hkm. Karim Bakash),4.jpg,.jpg,2999223
D:\Idara_Bookstore\bulk_images\Minhaz Ul Saidla Wa Alkimia (Hkm. Rafeequddin,1.jpg,.jpg,3077462
D:\Idara_Bookstore\bulk_images\Minhaz Ul Saidla Wa Alkimia (Hkm. Rafeequddin,2.jpg,.jpg,3167481
D:\Idara_Bookstore\bulk_images\Minhaz Ul Saidla Wa Alkimia (Hkm. Rafeequddin,4.jpg,.jpg,4504369
D:\Idara_Bookstore\bulk_images\Misbah-ul-Advia (Kulliyate Advia) (Dr. Abdus Samad),1.jpg,.jpg,2733833
D:\Idara_Bookstore\bulk_images\Misbah-ul-Advia (Kulliyate Advia) (Dr. Abdus Samad),2.jpg,.jpg,1852017
D:\Idara_Bookstore\bulk_images\Misbah-ul-Advia (Kulliyate Advia) (Dr. Abdus Samad),3.jpg,.jpg,642475
D:\Idara_Bookstore\bulk_images\Misbah-ul-Advia (Kulliyate Advia) (Dr. Abdus Samad),4.jpg,.jpg,4109152
D:\Idara_Bookstore\bulk_images\Misbahul Hikmat Vol.1-2 (Hkm. Firoozuddin Lahori Lahori),1.1.jpg,.jpg,431406
D:\Idara_Bookstore\bulk_images\Misbahul Hikmat Vol.1-2 (Hkm. Firoozuddin Lahori Lahori),1.2.jpg,.jpg,599344
D:\Idara_Bookstore\bulk_images\Misbahul Hikmat Vol.1-2 (Hkm. Firoozuddin Lahori Lahori),1.4.jpg,.jpg,4092048
D:\Idara_Bookstore\bulk_images\Misbahul Hikmat Vol.1-2 (Hkm. Firoozuddin Lahori Lahori),2.1.jpg,.jpg,473424
D:\Idara_Bookstore\bulk_images\Misbahul Hikmat Vol.1-2 (Hkm. Firoozuddin Lahori Lahori),2.2.jpg,.jpg,611572
D:\Idara_Bookstore\bulk_images\Misbahul Hikmat Vol.1-2 (Hkm. Firoozuddin Lahori Lahori),2.4.jpg,.jpg,4139727
D:\Idara_Bookstore\bulk_images\Mizaj Ki Shanakht (Hkm. Abu Bakar Zikariya Razi),1.jpg,.jpg,4432547
D:\Idara_Bookstore\bulk_images\Mizaj Ki Shanakht (Hkm. Abu Bakar Zikariya Razi),2.jpg,.jpg,5385091
D:\Idara_Bookstore\bulk_images\Mizaj Ki Shanakht (Hkm. Abu Bakar Zikariya Razi),3.jpg,.jpg,1977759
D:\Idara_Bookstore\bulk_images\Mizaj Ki Shanakht (Hkm. Abu Bakar Zikariya Razi),4.jpg,.jpg,7997552
D:\Idara_Bookstore\bulk_images\Moalijae Nafsiyaat (Dr. Jaleel Ahmad),1.jpg,.jpg,4358603
D:\Idara_Bookstore\bulk_images\Moalijae Nafsiyaat (Dr. Jaleel Ahmad),2.jpg,.jpg,2346851
D:\Idara_Bookstore\bulk_images\Moalijae Nafsiyaat (Dr. Jaleel Ahmad),3.jpg,.jpg,637922
D:\Idara_Bookstore\bulk_images\Moalijae Nafsiyaat (Dr. Jaleel Ahmad),4.jpg,.jpg,6122479
D:\Idara_Bookstore\bulk_images\Moalijat Amraz E Maida (Hkm. Imamuddin),1.jpg,.jpg,2064929
D:\Idara_Bookstore\bulk_images\Moalijat Amraz E Maida (Hkm. Imamuddin),2.jpg,.jpg,4221725
D:\Idara_Bookstore\bulk_images\Moalijat Amraz E Maida (Hkm. Imamuddin),3.jpg,.jpg,744016
D:\Idara_Bookstore\bulk_images\Moalijat Amraz E Maida (Hkm. Imamuddin),4.jpg,.jpg,5726737
D:\Idara_Bookstore\bulk_images\Moalijat Amraz Qalb Wa Ria (Dr. Md. Irfan),1.jpg,.jpg,3767449
D:\Idara_Bookstore\bulk_images\Moalijat Amraz Qalb Wa Ria (Dr. Md. Irfan),2.jpg,.jpg,3587803
D:\Idara_Bookstore\bulk_images\Moalijat Amraz Qalb Wa Ria (Dr. Md. Irfan),4.jpg,.jpg,5662500
D:\Idara_Bookstore\bulk_images\Moalijat Amraz Shaar (Dr. Abdul Nasir),1.jpg,.jpg,3084763
D:\Idara_Bookstore\bulk_images\Moalijat Amraz Shaar (Dr. Abdul Nasir),2.jpg,.jpg,2580944
D:\Idara_Bookstore\bulk_images\Moalijat Amraz Shaar (Dr. Abdul Nasir),3.jpg,.jpg,1894481
D:\Idara_Bookstore\bulk_images\Moalijat Amraz Shaar (Dr. Abdul Nasir),4.jpg,.jpg,3842521
D:\Idara_Bookstore\bulk_images\Moalijat Amraze Nizame Hazam (Hkm. Abdul Mannan),4.jpg,.jpg,23408443
D:\Idara_Bookstore\bulk_images\Moalijat Amraze Nizame Tanaffus (Hkm. Abdul Mannan),4.jpg,.jpg,26223336
D:\Idara_Bookstore\bulk_images\Moalijat Jild (Dr. Zameer Ahmad),4.jpg,.jpg,4191395
D:\Idara_Bookstore\bulk_images\Moalijat Ke Maroozi Sawalat (Hkm. Syed Fazlur Rehman),1.jpg,.jpg,2010916
D:\Idara_Bookstore\bulk_images\Moalijat Ke Maroozi Sawalat (Hkm. Syed Fazlur Rehman),2.jpg,.jpg,3261019
D:\Idara_Bookstore\bulk_images\Moalijat Ke Maroozi Sawalat (Hkm. Syed Fazlur Rehman),3.jpg,.jpg,743176
D:\Idara_Bookstore\bulk_images\Moalijat Ke Maroozi Sawalat (Hkm. Syed Fazlur Rehman),4.jpg,.jpg,4974891
D:\Idara_Bookstore\bulk_images\Moalijat Maida Wa Jigar (Mohd. Idress Habban),1.jpg,.jpg,5266032
D:\Idara_Bookstore\bulk_images\Moalijat Maida Wa Jigar (Mohd. Idress Habban),2.jpg,.jpg,6288832
D:\Idara_Bookstore\bulk_images\Moalijat Maida Wa Jigar (Mohd. Idress Habban),3.jpg,.jpg,2013362
D:\Idara_Bookstore\bulk_images\Moalijat Maida Wa Jigar (Mohd. Idress Habban),4.jpg,.jpg,9718379
D:\Idara_Bookstore\bulk_images\Moalijat MCQs (Dr. Saleem Akhtar),1.jpg,.jpg,6534183
D:\Idara_Bookstore\bulk_images\Moalijat MCQs (Dr. Saleem Akhtar),2.jpg,.jpg,7509579
D:\Idara_Bookstore\bulk_images\Moalijat MCQs (Dr. Saleem Akhtar),3.jpg,.jpg,2017110
D:\Idara_Bookstore\bulk_images\Moalijat MCQs (Dr. Saleem Akhtar),4.jpg,.jpg,12259065
D:\Idara_Bookstore\bulk_images\Moalijat Nabvi Vol.1-4 (Hkm. Tariq Mehmood Chugtai),1.jpg,.jpg,4464250
D:\Idara_Bookstore\bulk_images\Moalijat Nabvi Vol.1-4 (Hkm. Tariq Mehmood Chugtai),2.jpg,.jpg,4527786
D:\Idara_Bookstore\bulk_images\Moalijat Nabvi Vol.1-4 (Hkm. Tariq Mehmood Chugtai),3.jpg,.jpg,4445959
D:\Idara_Bookstore\bulk_images\Moalijat Nabvi Vol.1-4 (Hkm. Tariq Mehmood Chugtai),4.jpg,.jpg,4518056
D:\Idara_Bookstore\bulk_images\Moalijat Nafeesi (Allauddin Qarshi Translation - Abid Hussain),1.jpg,.jpg,6040310
D:\Idara_Bookstore\bulk_images\Moalijat Nafeesi (Allauddin Qarshi Translation - Abid Hussain),2.jpg,.jpg,6706866
D:\Idara_Bookstore\bulk_images\Moalijat Nafeesi (Allauddin Qarshi Translation - Abid Hussain),3.jpg,.jpg,2067453
D:\Idara_Bookstore\bulk_images\Moalijat Nafeesi (Allauddin Qarshi Translation - Abid Hussain),4.jpg,.jpg,11302315
D:\Idara_Bookstore\bulk_images\Moalijat Nizame Hazam (Dr. Anwar),1.jpg,.jpg,2573774
D:\Idara_Bookstore\bulk_images\Moalijat Nizame Hazam (Dr. Anwar),2.jpg,.jpg,2266654
D:\Idara_Bookstore\bulk_images\Moalijat Nizame Hazam (Dr. Anwar),4.jpg,.jpg,3016140
D:\Idara_Bookstore\bulk_images\Moalijat Qalb Wa Dooran E Khoon (Mannan),4.jpg,.jpg,2712634
D:\Idara_Bookstore\bulk_images\Moalijat Shara Asbab (Hkm. Kabiruddin),1.jpg,.jpg,1374284
D:\Idara_Bookstore\bulk_images\Moalijat Shara Asbab (Hkm. Kabiruddin),2.jpg,.jpg,2310447
D:\Idara_Bookstore\bulk_images\Moalijat Shara Asbab (Hkm. Kabiruddin),3.jpg,.jpg,664641
D:\Idara_Bookstore\bulk_images\Moalijat Shara Asbab (Hkm. Kabiruddin),4.jpg,.jpg,3493558
D:\Idara_Bookstore\bulk_images\Moalijat-e-Hummiyat (Hkm. Syed Ali Haider Jafri),1.jpg,.jpg,5808375
D:\Idara_Bookstore\bulk_images\Moalijat-e-Hummiyat (Hkm. Syed Ali Haider Jafri),2.jpg,.jpg,5805565
D:\Idara_Bookstore\bulk_images\Moalijat-e-Hummiyat (Hkm. Syed Ali Haider Jafri),3.jpg,.jpg,2013880
D:\Idara_Bookstore\bulk_images\Moalijat-e-Hummiyat (Hkm. Syed Ali Haider Jafri),4.jpg,.jpg,9804356
D:\Idara_Bookstore\bulk_images\Moalijat-e-Hummiyat (Hkm. Zia Baig),1.jpg,.jpg,2738601
D:\Idara_Bookstore\bulk_images\Moalijat-e-Hummiyat (Hkm. Zia Baig),2.jpg,.jpg,2922882
D:\Idara_Bookstore\bulk_images\Moalijat-e-Hummiyat (Hkm. Zia Baig),4.jpg,.jpg,3808233
"D:\Idara_Bookstore\bulk_images\Moalijate Amraz Asbi, Ras Wa Nafsiyaat (Hkm. Zia Baig)",1.jpg,.jpg,2923151
"D:\Idara_Bookstore\bulk_images\Moalijate Amraz Asbi, Ras Wa Nafsiyaat (Hkm. Zia Baig)",2.jpg,.jpg,4640046
"D:\Idara_Bookstore\bulk_images\Moalijate Amraz Asbi, Ras Wa Nafsiyaat (Hkm. Zia Baig)",4.jpg,.jpg,5772276
D:\Idara_Bookstore\bulk_images\Mojzul Qanoon (Hkm. Khawaja Rizwan Ahmad),1.jpg,.jpg,6648247
D:\Idara_Bookstore\bulk_images\Mojzul Qanoon (Hkm. Khawaja Rizwan Ahmad),2.jpg,.jpg,4122712
D:\Idara_Bookstore\bulk_images\Mojzul Qanoon (Hkm. Khawaja Rizwan Ahmad),4.jpg,.jpg,10183597
D:\Idara_Bookstore\bulk_images\Mubadi Tibb Par Ek Tehqeqi Nazar (Hkm. Altaf Ahmad Azmi),1.jpg,.jpg,2975626
D:\Idara_Bookstore\bulk_images\Mubadi Tibb Par Ek Tehqeqi Nazar (Hkm. Altaf Ahmad Azmi),2.jpg,.jpg,2544388
D:\Idara_Bookstore\bulk_images\Mubadi Tibb Par Ek Tehqeqi Nazar (Hkm. Altaf Ahmad Azmi),4.jpg,.jpg,3687880
D:\Idara_Bookstore\bulk_images\Mubadiyate Mantiq Wa Falsafa (Hkm. Taskheer Ahmad),1.jpg,.jpg,4875907
D:\Idara_Bookstore\bulk_images\Mubadiyate Mantiq Wa Falsafa (Hkm. Taskheer Ahmad),2.jpg,.jpg,5256453
D:\Idara_Bookstore\bulk_images\Mubadiyate Mantiq Wa Falsafa (Hkm. Taskheer Ahmad),3.jpg,.jpg,1941580
D:\Idara_Bookstore\bulk_images\Mubadiyate Mantiq Wa Falsafa (Hkm. Taskheer Ahmad),4.jpg,.jpg,8575258
D:\Idara_Bookstore\bulk_images\Mufeedul Ajsaam (Dr. Fazal Ali),1.jpg,.jpg,3734581
D:\Idara_Bookstore\bulk_images\Mufeedul Ajsaam (Dr. Fazal Ali),2.jpg,.jpg,4349318
D:\Idara_Bookstore\bulk_images\Mufeedul Ajsaam (Dr. Fazal Ali),4.jpg,.jpg,7505052
D:\Idara_Bookstore\bulk_images\Mufredat Azeezi (Hkm. Abdul Aziz),4.jpg,.jpg,30220680
D:\Idara_Bookstore\bulk_images\Mujarrebat Israre Hikmat (Hkm. Nood Md. Chauhan),1.jpg,.jpg,8769532
D:\Idara_Bookstore\bulk_images\Mujarrebat Israre Hikmat (Hkm. Nood Md. Chauhan),2.jpg,.jpg,5624377
D:\Idara_Bookstore\bulk_images\Mujarrebat Israre Hikmat (Hkm. Nood Md. Chauhan),4.jpg,.jpg,12793894
D:\Idara_Bookstore\bulk_images\Mujarrebat Jeelani (Hkm. Gulam Jeelani Amritsari),1.jpg,.jpg,2914980
D:\Idara_Bookstore\bulk_images\Mujarrebat Jeelani (Hkm. Gulam Jeelani Amritsari),2.jpg,.jpg,5308409
D:\Idara_Bookstore\bulk_images\Mujarrebat Jeelani (Hkm. Gulam Jeelani Amritsari),4.jpg,.jpg,6572008
D:\Idara_Bookstore\bulk_images\Mujarrebat Razai (Raza Hasan),1.jpg,.jpg,3249139
D:\Idara_Bookstore\bulk_images\Mujarrebat Razai (Raza Hasan),2.jpg,.jpg,4150545
D:\Idara_Bookstore\bulk_images\Mujarrebat Razai (Raza Hasan),4.jpg,.jpg,6875014
D:\Idara_Bookstore\bulk_images\Mujarrebat Sultani (Hkm. Maulvi Md. Yaar Khan),1.jpg,.jpg,3502846
D:\Idara_Bookstore\bulk_images\Mujarrebat Sultani (Hkm. Maulvi Md. Yaar Khan),2.jpg,.jpg,4245786
D:\Idara_Bookstore\bulk_images\Mujarrebat Sultani (Hkm. Maulvi Md. Yaar Khan),4.jpg,.jpg,7427730
D:\Idara_Bookstore\bulk_images\Mujrebat Bo Ali Sena (Hkm. Bo Ali Sena),1.jpg,.jpg,3594512
D:\Idara_Bookstore\bulk_images\Mujrebat Bo Ali Sena (Hkm. Bo Ali Sena),2.jpg,.jpg,3281313
D:\Idara_Bookstore\bulk_images\Mujrebat Bo Ali Sena (Hkm. Bo Ali Sena),4.jpg,.jpg,5257294
D:\Idara_Bookstore\bulk_images\Mujrebate Luqmani (Hkm. Abdul Raheem),1.jpg,.jpg,8181317
D:\Idara_Bookstore\bulk_images\Mujrebate Luqmani (Hkm. Abdul Raheem),2.jpg,.jpg,6104572
D:\Idara_Bookstore\bulk_images\Mujrebate Luqmani (Hkm. Abdul Raheem),3.jpg,.jpg,739846
D:\Idara_Bookstore\bulk_images\Mujrebate Luqmani (Hkm. Abdul Raheem),4.jpg,.jpg,13938142
D:\Idara_Bookstore\bulk_images\Mukhtasar Tibbi Sawalat Wa Jawabat (Imamuddin),1.jpg,.jpg,3295952
D:\Idara_Bookstore\bulk_images\Mukhtasar Tibbi Sawalat Wa Jawabat (Imamuddin),2.jpg,.jpg,7397555
D:\Idara_Bookstore\bulk_images\Mukhtasar Tibbi Sawalat Wa Jawabat (Imamuddin),4.jpg,.jpg,10148174
D:\Idara_Bookstore\bulk_images\Mulkhas Fasool Buqratia (Hkm. Gulam Hasnain Kantori),1.jpg,.jpg,4329076
D:\Idara_Bookstore\bulk_images\Mulkhas Fasool Buqratia (Hkm. Gulam Hasnain Kantori),2.jpg,.jpg,4333052
D:\Idara_Bookstore\bulk_images\Mulkhas Fasool Buqratia (Hkm. Gulam Hasnain Kantori),4.jpg,.jpg,8056512
D:\Idara_Bookstore\bulk_images\Munafe Ul Aza MCQs (Dr. Zubair Ansari),1.jpg,.jpg,2360769
D:\Idara_Bookstore\bulk_images\Munafe Ul Aza MCQs (Dr. Zubair Ansari),2.jpg,.jpg,3247086
D:\Idara_Bookstore\bulk_images\Munafe Ul Aza MCQs (Dr. Zubair Ansari),4.jpg,.jpg,5241305
D:\Idara_Bookstore\bulk_images\Munafeul Aza (Physiology) (Hkm. Mohd Yusuf Ansari),1.jpg,.jpg,5300549
D:\Idara_Bookstore\bulk_images\Munafeul Aza (Physiology) (Hkm. Mohd Yusuf Ansari),2.jpg,.jpg,3684705
D:\Idara_Bookstore\bulk_images\Munafeul Aza (Physiology) (Hkm. Mohd Yusuf Ansari),4.jpg,.jpg,8939229
D:\Idara_Bookstore\bulk_images\Munafeul Aza ke Sawal Wa Jawab (Dr. Danish Jafar),1.jpg,.jpg,4060362
D:\Idara_Bookstore\bulk_images\Munafeul Aza ke Sawal Wa Jawab (Dr. Danish Jafar),2.jpg,.jpg,3509632
D:\Idara_Bookstore\bulk_images\Munafeul Aza ke Sawal Wa Jawab (Dr. Danish Jafar),4.jpg,.jpg,7193264
D:\Idara_Bookstore\bulk_images\Munaful Mufredat (Hkm. Mohd Yusuf Ansari),1.jpg,.jpg,4666977
D:\Idara_Bookstore\bulk_images\Munaful Mufredat (Hkm. Mohd Yusuf Ansari),2.jpg,.jpg,5680532
D:\Idara_Bookstore\bulk_images\Munaful Mufredat (Hkm. Mohd Yusuf Ansari),4.jpg,.jpg,10272047
D:\Idara_Bookstore\bulk_images\Muqadma Ilmul Advia (Hkm. Ahtysham Ul Haque),1.jpg,.jpg,3571823
D:\Idara_Bookstore\bulk_images\Muqadma Ilmul Advia (Hkm. Ahtysham Ul Haque),2.jpg,.jpg,5818733
D:\Idara_Bookstore\bulk_images\Muqadma Ilmul Advia (Hkm. Ahtysham Ul Haque),3.jpg,.jpg,2010027
D:\Idara_Bookstore\bulk_images\Muqadma Ilmul Advia (Hkm. Ahtysham Ul Haque),4.jpg,.jpg,7688155
D:\Idara_Bookstore\bulk_images\Murakkabat E Advia Vol.1-2 (Hkm. Wasim Azmi),1.1.jpg,.jpg,934927
D:\Idara_Bookstore\bulk_images\Murakkabat E Advia Vol.1-2 (Hkm. Wasim Azmi),1.2.jpg,.jpg,999339
D:\Idara_Bookstore\bulk_images\Murakkabat E Advia Vol.1-2 (Hkm. Wasim Azmi),1.3.jpg,.jpg,708463
D:\Idara_Bookstore\bulk_images\Murakkabat E Advia Vol.1-2 (Hkm. Wasim Azmi),1.4.jpg,.jpg,14459203
D:\Idara_Bookstore\bulk_images\Murakkabat E Advia Vol.1-2 (Hkm. Wasim Azmi),2.1.jpg,.jpg,2445967
D:\Idara_Bookstore\bulk_images\Murakkabat E Advia Vol.1-2 (Hkm. Wasim Azmi),2.2.jpg,.jpg,2215590
D:\Idara_Bookstore\bulk_images\Murakkabat E Advia Vol.1-2 (Hkm. Wasim Azmi),2.3.jpg,.jpg,737124
D:\Idara_Bookstore\bulk_images\Murakkabat E Advia Vol.1-2 (Hkm. Wasim Azmi),2.4.jpg,.jpg,32340092
D:\Idara_Bookstore\bulk_images\Murakkabat Ziai (Dr. Aslam Khan),1.jpg,.jpg,3360074
D:\Idara_Bookstore\bulk_images\Murakkabat Ziai (Dr. Aslam Khan),2.jpg,.jpg,4355624
D:\Idara_Bookstore\bulk_images\Murakkabat Ziai (Dr. Aslam Khan),3.jpg,.jpg,734804
D:\Idara_Bookstore\bulk_images\Murakkabat Ziai (Dr. Aslam Khan),4.jpg,.jpg,7239084
D:\Idara_Bookstore\bulk_images\Mustanad Ilaj Qurani (Shaikh Ahmed Bin Mehmood),1.jpg,.jpg,6159269
D:\Idara_Bookstore\bulk_images\Mustanad Ilaj Qurani (Shaikh Ahmed Bin Mehmood),2.jpg,.jpg,6680529
D:\Idara_Bookstore\bulk_images\Mustanad Ilaj Qurani (Shaikh Ahmed Bin Mehmood),3.jpg,.jpg,2016797
D:\Idara_Bookstore\bulk_images\Mustanad Ilaj Qurani (Shaikh Ahmed Bin Mehmood),4.jpg,.jpg,11532583
D:\Idara_Bookstore\bulk_images\Mutadi Wa Wabai Amraz (Dr. Abdul Mubeen Khan),1.jpg,.jpg,5281546
D:\Idara_Bookstore\bulk_images\Mutadi Wa Wabai Amraz (Dr. Abdul Mubeen Khan),2.jpg,.jpg,3576590
D:\Idara_Bookstore\bulk_images\Mutadi Wa Wabai Amraz (Dr. Abdul Mubeen Khan),4.jpg,.jpg,8560023
D:\Idara_Bookstore\bulk_images\Naak Kaan Aur Galy Ki Bimariya (Hkm. Mugiz Anjum),1.jpg,.jpg,1250634
D:\Idara_Bookstore\bulk_images\Naak Kaan Aur Galy Ki Bimariya (Hkm. Mugiz Anjum),2.jpg,.jpg,1991046
D:\Idara_Bookstore\bulk_images\Naak Kaan Aur Galy Ki Bimariya (Hkm. Mugiz Anjum),4.jpg,.jpg,2729315
D:\Idara_Bookstore\bulk_images\Nabz Wa Qaroora (Hkm. Mansoor Ahmad),1.jpg,.jpg,1122700
D:\Idara_Bookstore\bulk_images\Nabz Wa Qaroora (Hkm. Mansoor Ahmad),2.jpg,.jpg,1937353
D:\Idara_Bookstore\bulk_images\Nabz Wa Qaroora (Hkm. Mansoor Ahmad),4.jpg,.jpg,2508098
D:\Idara_Bookstore\bulk_images\Nai Jawani (Hkm. Krishan Kuwar Dat Sharma),4.jpg,.jpg,1215509
D:\Idara_Bookstore\bulk_images\Naqush Ka Rasool Number (???),1.jpg,.jpg,4112366
D:\Idara_Bookstore\bulk_images\Naqush Ka Rasool Number (???),4 - Copy.jpg,.jpg,1016381
D:\Idara_Bookstore\bulk_images\Naqush Ka Rasool Number (???),4.jpg,.jpg,2247328
D:\Idara_Bookstore\bulk_images\Neck Pain (Cervical Spondylosis) (Dr. Mohammad Tausif),1.jpg,.jpg,3050382
D:\Idara_Bookstore\bulk_images\Neck Pain (Cervical Spondylosis) (Dr. Mohammad Tausif),2.jpg,.jpg,3212450
D:\Idara_Bookstore\bulk_images\Neck Pain (Cervical Spondylosis) (Dr. Mohammad Tausif),3.jpg,.jpg,746685
D:\Idara_Bookstore\bulk_images\Neck Pain (Cervical Spondylosis) (Dr. Mohammad Tausif),4.jpg,.jpg,5777755
D:\Idara_Bookstore\bulk_images\NFUM (CCRUM),4.1.jpg,.jpg,3338492
D:\Idara_Bookstore\bulk_images\Pathological Test & Laboratory Works (Hkm. Majeed Ahmad Narvi),1.jpg,.jpg,1554378
D:\Idara_Bookstore\bulk_images\Pathological Test & Laboratory Works (Hkm. Majeed Ahmad Narvi),2.jpg,.jpg,2123297
D:\Idara_Bookstore\bulk_images\Pathological Test & Laboratory Works (Hkm. Majeed Ahmad Narvi),4.jpg,.jpg,3137878
D:\Idara_Bookstore\bulk_images\Perfect Usoole Tibb (Dr. Md. Akmal),1.jpg,.jpg,4840975
D:\Idara_Bookstore\bulk_images\Perfect Usoole Tibb (Dr. Md. Akmal),2.jpg,.jpg,4425696
D:\Idara_Bookstore\bulk_images\Perfect Usoole Tibb (Dr. Md. Akmal),3.jpg,.jpg,738651
D:\Idara_Bookstore\bulk_images\Perfect Usoole Tibb (Dr. Md. Akmal),4.jpg,.jpg,9255997
D:\Idara_Bookstore\bulk_images\Pharmacology (Hkm. Md. Yusuf Ansari),1.jpg,.jpg,2434647
D:\Idara_Bookstore\bulk_images\Pharmacology (Hkm. Md. Yusuf Ansari),2.jpg,.jpg,2608435
D:\Idara_Bookstore\bulk_images\Pharmacology (Hkm. Md. Yusuf Ansari),3.jpg,.jpg,1939791
D:\Idara_Bookstore\bulk_images\Pharmacology (Hkm. Md. Yusuf Ansari),4.jpg,.jpg,3278108
D:\Idara_Bookstore\bulk_images\Practice of Allopethic (Dr. Kamruz Zama),1.jpg,.jpg,1181243
D:\Idara_Bookstore\bulk_images\Practice of Allopethic (Dr. Kamruz Zama),2.jpg,.jpg,1499963
D:\Idara_Bookstore\bulk_images\Practice of Allopethic (Dr. Kamruz Zama),3.jpg,.jpg,640091
D:\Idara_Bookstore\bulk_images\Practice of Allopethic (Dr. Kamruz Zama),4.jpg,.jpg,2140493
D:\Idara_Bookstore\bulk_images\Prime Subjectwise MCQs (Dr. Zubair Ansari),1.jpg,.jpg,1777950
D:\Idara_Bookstore\bulk_images\Prime Subjectwise MCQs (Dr. Zubair Ansari),2.jpg,.jpg,1401421
D:\Idara_Bookstore\bulk_images\Prime Subjectwise MCQs (Dr. Zubair Ansari),3.jpg,.jpg,670293
D:\Idara_Bookstore\bulk_images\Prime Subjectwise MCQs (Dr. Zubair Ansari),4.jpg,.jpg,2579570
D:\Idara_Bookstore\bulk_images\Qabaliyaat (Hkm. Md. Abbas Rizwi),4.jpg,.jpg,2605111
D:\Idara_Bookstore\bulk_images\Qadeem Ilmul Amraz (Hkm. Imamuddin Zakai),1.jpg,.jpg,1060287
D:\Idara_Bookstore\bulk_images\Qadeem Ilmul Amraz (Hkm. Imamuddin Zakai),2.jpg,.jpg,1553994
D:\Idara_Bookstore\bulk_images\Qadeem Ilmul Amraz (Hkm. Imamuddin Zakai),3.jpg,.jpg,581218
D:\Idara_Bookstore\bulk_images\Qadeem Ilmul Amraz (Hkm. Imamuddin Zakai),4.jpg,.jpg,2059308
D:\Idara_Bookstore\bulk_images\Qaleed-e-Murakkabat (Dr. Mohd Shafique Khan),1.jpg,.jpg,1361807
D:\Idara_Bookstore\bulk_images\Qaleed-e-Murakkabat (Dr. Mohd Shafique Khan),2.jpg,.jpg,1327151
D:\Idara_Bookstore\bulk_images\Qaleed-e-Murakkabat (Dr. Mohd Shafique Khan),4.jpg,.jpg,2141475
D:\Idara_Bookstore\bulk_images\Qalmi Nuskha (Ziaul Haq Hassamuddin),1.jpg,.jpg,1611639
D:\Idara_Bookstore\bulk_images\Qalmi Nuskha (Ziaul Haq Hassamuddin),2.jpg,.jpg,2766986
D:\Idara_Bookstore\bulk_images\Qalmi Nuskha (Ziaul Haq Hassamuddin),4.jpg,.jpg,3930857
D:\Idara_Bookstore\bulk_images\Qarabadeen Jadeed (Hkm. Abdul Hafiz),1.jpg,.jpg,3181438
D:\Idara_Bookstore\bulk_images\Qarabadeen Jadeed (Hkm. Abdul Hafiz),2.jpg,.jpg,3086343
D:\Idara_Bookstore\bulk_images\Qarabadeen Jadeed (Hkm. Abdul Hafiz),4.jpg,.jpg,4513316
D:\Idara_Bookstore\bulk_images\Qarabadeen Kabir (Hkm. Hadi Hasan Khan),1.1.jpg,.jpg,1177603
D:\Idara_Bookstore\bulk_images\Qarabadeen Kabir (Hkm. Hadi Hasan Khan),1.2.jpg,.jpg,929895
D:\Idara_Bookstore\bulk_images\Qarabadeen Kabir (Hkm. Hadi Hasan Khan),1.4.jpg,.jpg,7056313
D:\Idara_Bookstore\bulk_images\Qarabadeen Kabir (Hkm. Hadi Hasan Khan),2.1.jpg,.jpg,1169615
D:\Idara_Bookstore\bulk_images\Qarabadeen Kabir (Hkm. Hadi Hasan Khan),2.2.jpg,.jpg,966347
D:\Idara_Bookstore\bulk_images\Qarabadeen Kabir (Hkm. Hadi Hasan Khan),2.4.jpg,.jpg,7057319
D:\Idara_Bookstore\bulk_images\Qarabadeen Sarkari (Govt. of India),1.jpg,.jpg,3654033
D:\Idara_Bookstore\bulk_images\Qarabadeen Sarkari (Govt. of India),2.jpg,.jpg,3220641
D:\Idara_Bookstore\bulk_images\Qarabadeen-e-Azam (Hkm. Md. Azam Khan),1.jpg,.jpg,4767017
D:\Idara_Bookstore\bulk_images\Qarabadeen-e-Azam (Hkm. Md. Azam Khan),2.jpg,.jpg,4658677
D:\Idara_Bookstore\bulk_images\Qarabadeen-e-Azam (Hkm. Md. Azam Khan),4.jpg,.jpg,7602987
D:\Idara_Bookstore\bulk_images\Qarabadeen-e-Najmul Gani (Hkm. Najmul Gani),1.jpg,.jpg,2805572
D:\Idara_Bookstore\bulk_images\Qarabadeen-e-Najmul Gani (Hkm. Najmul Gani),2.jpg,.jpg,2799345
D:\Idara_Bookstore\bulk_images\Qarabadeen-e-Najmul Gani (Hkm. Najmul Gani),3.jpg,.jpg,664841
D:\Idara_Bookstore\bulk_images\Qarabadeen-e-Najmul Gani (Hkm. Najmul Gani),4.jpg,.jpg,5331658
D:\Idara_Bookstore\bulk_images\Qarabadeene Jalali (Hkm. Jalaluddin Amrohvi),1.jpg,.jpg,3242855
D:\Idara_Bookstore\bulk_images\Qarabadeene Jalali (Hkm. Jalaluddin Amrohvi),2.jpg,.jpg,3598819
D:\Idara_Bookstore\bulk_images\Qarabadeene Jalali (Hkm. Jalaluddin Amrohvi),4.jpg,.jpg,5012818
D:\Idara_Bookstore\bulk_images\Qarabdeen-e-Majeedi (Hamdard),1.jpg,.jpg,2614508
D:\Idara_Bookstore\bulk_images\Qarabdeen-e-Majeedi (Hamdard),2.jpg,.jpg,2289048
D:\Idara_Bookstore\bulk_images\Qarabdeen-e-Majeedi (Hamdard),4.jpg,.jpg,3123565
D:\Idara_Bookstore\bulk_images\Qawaneen-e-Advia (Kulliyate Advia) (Hkm. Ayub Ali Qasmi),1.jpg,.jpg,2021172
D:\Idara_Bookstore\bulk_images\Qawaneen-e-Advia (Kulliyate Advia) (Hkm. Ayub Ali Qasmi),2.jpg,.jpg,1541272
D:\Idara_Bookstore\bulk_images\Qawaneen-e-Advia (Kulliyate Advia) (Hkm. Ayub Ali Qasmi),4.jpg,.jpg,3070435
D:\Idara_Bookstore\bulk_images\Ramooze Atibba Vol.1-2 (Hkm. Firozuddin),1.1.jpg,.jpg,494793
D:\Idara_Bookstore\bulk_images\Ramooze Atibba Vol.1-2 (Hkm. Firozuddin),1.2.jpg,.jpg,822091
D:\Idara_Bookstore\bulk_images\Ramooze Atibba Vol.1-2 (Hkm. Firozuddin),1.4.jpg,.jpg,3409422
D:\Idara_Bookstore\bulk_images\Ramooze Atibba Vol.1-2 (Hkm. Firozuddin),2.1.jpg,.jpg,496755
D:\Idara_Bookstore\bulk_images\Ramooze Atibba Vol.1-2 (Hkm. Firozuddin),2.2.jpg,.jpg,776239
D:\Idara_Bookstore\bulk_images\Ramooze Atibba Vol.1-2 (Hkm. Firozuddin),2.4.jpg,.jpg,3289150
D:\Idara_Bookstore\bulk_images\Regimental Therapies {Ilaj Bil Tadbeer} (Dr. Izharul Hassan),1.jpg,.jpg,7342292
D:\Idara_Bookstore\bulk_images\Regimental Therapies {Ilaj Bil Tadbeer} (Dr. Izharul Hassan),2.jpg,.jpg,6341302
D:\Idara_Bookstore\bulk_images\Regimental Therapies {Ilaj Bil Tadbeer} (Dr. Izharul Hassan),3.jpg,.jpg,2012423
D:\Idara_Bookstore\bulk_images\Regimental Therapies {Ilaj Bil Tadbeer} (Dr. Izharul Hassan),4.jpg,.jpg,12039264
D:\Idara_Bookstore\bulk_images\Rehbar E Tashkeesh (Dr. Mohd. Yusuf Ansari),1.jpg,.jpg,2120470
D:\Idara_Bookstore\bulk_images\Rehbar E Tashkeesh (Dr. Mohd. Yusuf Ansari),2.jpg,.jpg,2233175
D:\Idara_Bookstore\bulk_images\Rehbar E Tashkeesh (Dr. Mohd. Yusuf Ansari),3.jpg,.jpg,1858777
D:\Idara_Bookstore\bulk_images\Rehbar E Tashkeesh (Dr. Mohd. Yusuf Ansari),4.jpg,.jpg,2577217
D:\Idara_Bookstore\bulk_images\Rehbar Jild (Dr. Shoaib),1.jpg,.jpg,1824392
D:\Idara_Bookstore\bulk_images\Rehbar Jild (Dr. Shoaib),2.jpg,.jpg,1547611
D:\Idara_Bookstore\bulk_images\Rehbar Jild (Dr. Shoaib),3.jpg,.jpg,643418
D:\Idara_Bookstore\bulk_images\Rehbar Jild (Dr. Shoaib),4.jpg,.jpg,2878046
D:\Idara_Bookstore\bulk_images\Rehbar Kulliyate Advia (Syed Afzal Hussain),1.jpg,.jpg,2760321
D:\Idara_Bookstore\bulk_images\Rehbar Kulliyate Advia (Syed Afzal Hussain),2.jpg,.jpg,2989629
D:\Idara_Bookstore\bulk_images\Rehbar Kulliyate Advia (Syed Afzal Hussain),3.jpg,.jpg,1916944
D:\Idara_Bookstore\bulk_images\Rehbar Kulliyate Advia (Syed Afzal Hussain),4.jpg,.jpg,4047231
D:\Idara_Bookstore\bulk_images\Rehbar Kulliyate Umoore Tabaiyya (Syed Afzal Hussain),1.jpg,.jpg,1252785
D:\Idara_Bookstore\bulk_images\Rehbar Kulliyate Umoore Tabaiyya (Syed Afzal Hussain),2.jpg,.jpg,1657198
D:\Idara_Bookstore\bulk_images\Rehbar Kulliyate Umoore Tabaiyya (Syed Afzal Hussain),3.jpg,.jpg,670849
D:\Idara_Bookstore\bulk_images\Rehbar Kulliyate Umoore Tabaiyya (Syed Afzal Hussain),4.jpg,.jpg,2496206
D:\Idara_Bookstore\bulk_images\Rehbar Mantiq Wa Falsafa (Syed Afzal Hussain),1.jpg,.jpg,2844387
D:\Idara_Bookstore\bulk_images\Rehbar Mantiq Wa Falsafa (Syed Afzal Hussain),2.jpg,.jpg,2996966
D:\Idara_Bookstore\bulk_images\Rehbar Mantiq Wa Falsafa (Syed Afzal Hussain),3.jpg,.jpg,1932752
D:\Idara_Bookstore\bulk_images\Rehbar Mantiq Wa Falsafa (Syed Afzal Hussain),4.jpg,.jpg,4028009
D:\Idara_Bookstore\bulk_images\Rehbar Usoole Ilaj Wa Nuskha Navesi (Syed Afzal Hussain),1.jpg,.jpg,2428957
D:\Idara_Bookstore\bulk_images\Rehbar Usoole Ilaj Wa Nuskha Navesi (Syed Afzal Hussain),2.jpg,.jpg,2680314
D:\Idara_Bookstore\bulk_images\Rehbar Usoole Ilaj Wa Nuskha Navesi (Syed Afzal Hussain),3.jpg,.jpg,1916612
D:\Idara_Bookstore\bulk_images\Rehbar Usoole Ilaj Wa Nuskha Navesi (Syed Afzal Hussain),4.jpg,.jpg,3374698
D:\Idara_Bookstore\bulk_images\Rehbare Moalijat (Dr. Mohd Shamim),1.jpg,.jpg,2019328
D:\Idara_Bookstore\bulk_images\Rehbare Moalijat (Dr. Mohd Shamim),2.jpg,.jpg,2335189
D:\Idara_Bookstore\bulk_images\Rehbare Moalijat (Dr. Mohd Shamim),3.jpg,.jpg,664134
D:\Idara_Bookstore\bulk_images\Rehbare Moalijat (Dr. Mohd Shamim),4.jpg,.jpg,3941535
D:\Idara_Bookstore\bulk_images\Rehnuma-e-Advia (Dr. Zubair Ansari),1.jpg,.jpg,1642327
D:\Idara_Bookstore\bulk_images\Rehnuma-e-Advia (Dr. Zubair Ansari),2.jpg,.jpg,1219340
D:\Idara_Bookstore\bulk_images\Rehnuma-e-Advia (Dr. Zubair Ansari),4.jpg,.jpg,2302221
D:\Idara_Bookstore\bulk_images\Rehnumae Akakir Vol.1-2 (Hkm. Gulam Mohiuddin),1.1.jpg,.jpg,430773
D:\Idara_Bookstore\bulk_images\Rehnumae Akakir Vol.1-2 (Hkm. Gulam Mohiuddin),1.2.jpg,.jpg,696353
D:\Idara_Bookstore\bulk_images\Rehnumae Akakir Vol.1-2 (Hkm. Gulam Mohiuddin),1.4.jpg,.jpg,4073146
D:\Idara_Bookstore\bulk_images\Rehnumae Akakir Vol.1-2 (Hkm. Gulam Mohiuddin),2.1.jpg,.jpg,427562
D:\Idara_Bookstore\bulk_images\Rehnumae Akakir Vol.1-2 (Hkm. Gulam Mohiuddin),2.2.jpg,.jpg,688286
D:\Idara_Bookstore\bulk_images\Rehnumae Akakir Vol.1-2 (Hkm. Gulam Mohiuddin),2.4.jpg,.jpg,4129352
D:\Idara_Bookstore\bulk_images\Rehnumae Mamool (Hkm. Wamiq Ameen),1.jpg,.jpg,2371719
D:\Idara_Bookstore\bulk_images\Rehnumae Mamool (Hkm. Wamiq Ameen),2.jpg,.jpg,2940702
D:\Idara_Bookstore\bulk_images\Rehnumae Mamool (Hkm. Wamiq Ameen),4.jpg,.jpg,3469478
D:\Idara_Bookstore\bulk_images\Rehnumae Takhdeer (Dr. Ziaul Hasan),1.jpg,.jpg,3007462
D:\Idara_Bookstore\bulk_images\Rehnumae Takhdeer (Dr. Ziaul Hasan),2.jpg,.jpg,3059395
D:\Idara_Bookstore\bulk_images\Rehnumae Takhdeer (Dr. Ziaul Hasan),4.jpg,.jpg,4272484
D:\Idara_Bookstore\bulk_images\Rehnumae Tashkeesh (Dr. Ahtyshamul Haq),1.jpg,.jpg,1791078
D:\Idara_Bookstore\bulk_images\Rehnumae Tashkeesh (Dr. Ahtyshamul Haq),2.jpg,.jpg,1915435
D:\Idara_Bookstore\bulk_images\Rehnumae Tashkeesh (Dr. Ahtyshamul Haq),4.jpg,.jpg,3129085
D:\Idara_Bookstore\bulk_images\Rehnumae Tashkeesh ul Amraz (Dr. Mirza Ameen),1.jpg,.jpg,1521711
D:\Idara_Bookstore\bulk_images\Rehnumae Tashkeesh ul Amraz (Dr. Mirza Ameen),2.jpg,.jpg,1872213
D:\Idara_Bookstore\bulk_images\Rehnumae Tashkeesh ul Amraz (Dr. Mirza Ameen),4.jpg,.jpg,2809601
D:\Idara_Bookstore\bulk_images\Rehnumae Tibb (Hkm. Hashsham Siddiqi),1.jpg,.jpg,2382987
D:\Idara_Bookstore\bulk_images\Rehnumae Tibb (Hkm. Hashsham Siddiqi),2.jpg,.jpg,3117912
D:\Idara_Bookstore\bulk_images\Rehnumae Tibb (Hkm. Hashsham Siddiqi),4.jpg,.jpg,3742663
D:\Idara_Bookstore\bulk_images\Rehnumai Ilmul Qabalat (Dr. Mehmooda Anzar,1.jpg,.jpg,1349649
D:\Idara_Bookstore\bulk_images\Rehnumai Ilmul Qabalat (Dr. Mehmooda Anzar,2.jpg,.jpg,1395571
D:\Idara_Bookstore\bulk_images\Rehnumai Ilmul Qabalat (Dr. Mehmooda Anzar,3.jpg,.jpg,669919
D:\Idara_Bookstore\bulk_images\Rehnumai Ilmul Qabalat (Dr. Mehmooda Anzar,4.jpg,.jpg,2305557
D:\Idara_Bookstore\bulk_images\Rehnumai Saidla (Dr. Saleem Akhtar),1.jpg,.jpg,1885886
D:\Idara_Bookstore\bulk_images\Rehnumai Saidla (Dr. Saleem Akhtar),2.jpg,.jpg,1891548
D:\Idara_Bookstore\bulk_images\Rehnumai Saidla (Dr. Saleem Akhtar),4.jpg,.jpg,3187057
D:\Idara_Bookstore\bulk_images\Research Methodology & Medical Statistics (Md. Iqbal),1.jpg,.jpg,3022053
D:\Idara_Bookstore\bulk_images\Research Methodology & Medical Statistics (Md. Iqbal),2.jpg,.jpg,2914387
D:\Idara_Bookstore\bulk_images\Research Methodology & Medical Statistics (Md. Iqbal),3.jpg,.jpg,1913473
D:\Idara_Bookstore\bulk_images\Research Methodology & Medical Statistics (Md. Iqbal),4.jpg,.jpg,4223092
D:\Idara_Bookstore\bulk_images\Risala Atishk (Hkm. Md. Kabiruddin),4.jpg,.jpg,3657589
D:\Idara_Bookstore\bulk_images\Risala Haiza (Hkm. Md. Kabiruddin),1.jpg,.jpg,2972137
D:\Idara_Bookstore\bulk_images\Risala Haiza (Hkm. Md. Kabiruddin),2.jpg,.jpg,3112073
D:\Idara_Bookstore\bulk_images\Risala Haiza (Hkm. Md. Kabiruddin),4.jpg,.jpg,4214676
D:\Idara_Bookstore\bulk_images\Risala Hammam (Mohd. Sheeraz),1.jpg,.jpg,3147862
D:\Idara_Bookstore\bulk_images\Risala Hammam (Mohd. Sheeraz),2.jpg,.jpg,2345096
D:\Idara_Bookstore\bulk_images\Risala Hammam (Mohd. Sheeraz),3.jpg,.jpg,670932
D:\Idara_Bookstore\bulk_images\Risala Hammam (Mohd. Sheeraz),4.jpg,.jpg,4935759
D:\Idara_Bookstore\bulk_images\Risala Nuskha Navesi (Hkm. Talfa Ibrahim),1.jpg,.jpg,1761420
D:\Idara_Bookstore\bulk_images\Risala Nuskha Navesi (Hkm. Talfa Ibrahim),2.jpg,.jpg,1777712
D:\Idara_Bookstore\bulk_images\Risala Nuskha Navesi (Hkm. Talfa Ibrahim),4.jpg,.jpg,2998019
D:\Idara_Bookstore\bulk_images\Risala Tareeful Nabz (Hkm. Basheer Ahmad),1.jpg,.jpg,2543323
D:\Idara_Bookstore\bulk_images\Risala Tareeful Nabz (Hkm. Basheer Ahmad),2.jpg,.jpg,2860016
D:\Idara_Bookstore\bulk_images\Risala Tareeful Nabz (Hkm. Basheer Ahmad),4.jpg,.jpg,3595581
D:\Idara_Bookstore\bulk_images\Riyazul Salkeen (Dr. Idrees Habban),1.jpg,.jpg,2321543
D:\Idara_Bookstore\bulk_images\Riyazul Salkeen (Dr. Idrees Habban),2.jpg,.jpg,2651209
D:\Idara_Bookstore\bulk_images\Riyazul Salkeen (Dr. Idrees Habban),3.jpg,.jpg,665291
D:\Idara_Bookstore\bulk_images\Riyazul Salkeen (Dr. Idrees Habban),4.jpg,.jpg,4577194
D:\Idara_Bookstore\bulk_images\Ruhu-Al-Kimiya (Hkm. Md. Ismail),1.jpg,.jpg,1668572
D:\Idara_Bookstore\bulk_images\Ruhu-Al-Kimiya (Hkm. Md. Ismail),2.jpg,.jpg,1073178
D:\Idara_Bookstore\bulk_images\Ruhu-Al-Kimiya (Hkm. Md. Ismail),4.jpg,.jpg,2172873
D:\Idara_Bookstore\bulk_images\Sabziyon Se Ilaj Kijiye (Hkm. Idress Habban),1.jpg,.jpg,1524952
D:\Idara_Bookstore\bulk_images\Sabziyon Se Ilaj Kijiye (Hkm. Idress Habban),2.jpg,.jpg,1792545
D:\Idara_Bookstore\bulk_images\Sabziyon Se Ilaj Kijiye (Hkm. Idress Habban),3.jpg,.jpg,639205
D:\Idara_Bookstore\bulk_images\Sabziyon Se Ilaj Kijiye (Hkm. Idress Habban),4.jpg,.jpg,2774148
D:\Idara_Bookstore\bulk_images\Sadeedi (Sharah - Sadeedi Urdu Translation - Abid Hussain),1.jpg,.jpg,2056313
D:\Idara_Bookstore\bulk_images\Sadeedi (Sharah - Sadeedi Urdu Translation - Abid Hussain),2.jpg,.jpg,2409647
D:\Idara_Bookstore\bulk_images\Sadeedi (Sharah - Sadeedi Urdu Translation - Abid Hussain),4.jpg,.jpg,3897902
D:\Idara_Bookstore\bulk_images\Sahraha Kulliyat E Qanoon (Ibne Seena,1.jpg,.jpg,1895191
D:\Idara_Bookstore\bulk_images\Sahraha Kulliyat E Qanoon (Ibne Seena,2.jpg,.jpg,1705106
D:\Idara_Bookstore\bulk_images\Sahraha Kulliyat E Qanoon (Ibne Seena,4.jpg,.jpg,3123531
D:\Idara_Bookstore\bulk_images\Saririyat Ilme Tashkeesh (Hassan Nigrami),1.jpg,.jpg,828214
D:\Idara_Bookstore\bulk_images\Saririyat Jadeed (Dr. Tabrez Akhtar),1.jpg,.jpg,1096083
D:\Idara_Bookstore\bulk_images\Saririyat Jadeed (Dr. Tabrez Akhtar),2.jpg,.jpg,1227938
D:\Idara_Bookstore\bulk_images\Saririyat Jadeed (Dr. Tabrez Akhtar),3.jpg,.jpg,615909
D:\Idara_Bookstore\bulk_images\Saririyat Jadeed (Dr. Tabrez Akhtar),4.jpg,.jpg,1787273
D:\Idara_Bookstore\bulk_images\Sartaan Ka Mukammal Ilaj Kijiye (Hkm. Idress Habban),1.jpg,.jpg,1470560
D:\Idara_Bookstore\bulk_images\Sartaan Ka Mukammal Ilaj Kijiye (Hkm. Idress Habban),2.jpg,.jpg,1757080
D:\Idara_Bookstore\bulk_images\Sartaan Ka Mukammal Ilaj Kijiye (Hkm. Idress Habban),3.jpg,.jpg,637591
D:\Idara_Bookstore\bulk_images\Sartaan Ka Mukammal Ilaj Kijiye (Hkm. Idress Habban),4.jpg,.jpg,2687313
D:\Idara_Bookstore\bulk_images\Sehat Mand Zindagi Ke Raaz (Mohd. Idress Habban),1.jpg,.jpg,2627473
D:\Idara_Bookstore\bulk_images\Sehat Mand Zindagi Ke Raaz (Mohd. Idress Habban),2.jpg,.jpg,2825626
D:\Idara_Bookstore\bulk_images\Sehat Mand Zindagi Ke Raaz (Mohd. Idress Habban),4.jpg,.jpg,3736693
D:\Idara_Bookstore\bulk_images\Sharah Ziabtul Tehzeeb (Maulana Sultan Hasan Khan),1.jpg,.jpg,2686959
D:\Idara_Bookstore\bulk_images\Sharah Ziabtul Tehzeeb (Maulana Sultan Hasan Khan),2.jpg,.jpg,3243313
D:\Idara_Bookstore\bulk_images\Sharah Ziabtul Tehzeeb (Maulana Sultan Hasan Khan),4.jpg,.jpg,4176446
D:\Idara_Bookstore\bulk_images\Shehad Encyclopedia (Hkm. Tahir Mehmood Bhat),1.jpg,.jpg,2812093
D:\Idara_Bookstore\bulk_images\Shehad Encyclopedia (Hkm. Tahir Mehmood Bhat),2.jpg,.jpg,2957463
D:\Idara_Bookstore\bulk_images\Shehad Encyclopedia (Hkm. Tahir Mehmood Bhat),4.jpg,.jpg,4006988
D:\Idara_Bookstore\bulk_images\Sunnate Nabvi Aur Jadeed Science Hindi (Tariq Mehmood Chugtai),4.jpg,.jpg,2437368
D:\Idara_Bookstore\bulk_images\Surgery Scholar Guide MCQs (Dr. Raashid Qazi),1.jpg,.jpg,2598556
D:\Idara_Bookstore\bulk_images\Surgery Scholar Guide MCQs (Dr. Raashid Qazi),2.jpg,.jpg,2706226
D:\Idara_Bookstore\bulk_images\Surgery Scholar Guide MCQs (Dr. Raashid Qazi),3.jpg,.jpg,1875752
D:\Idara_Bookstore\bulk_images\Surgery Scholar Guide MCQs (Dr. Raashid Qazi),4.jpg,.jpg,3559957
D:\Idara_Bookstore\bulk_images\Systemic Pathology (Dr. Saba,1.jpg,.jpg,1129807
D:\Idara_Bookstore\bulk_images\Systemic Pathology (Dr. Saba,2.jpg,.jpg,1222674
D:\Idara_Bookstore\bulk_images\Systemic Pathology (Dr. Saba,3.jpg,.jpg,622488
D:\Idara_Bookstore\bulk_images\Systemic Pathology (Dr. Saba,4.jpg,.jpg,1880949
D:\Idara_Bookstore\bulk_images\Systemic Pathology Vol.2 (Dr. Sana,1.jpg,.jpg,1206468
D:\Idara_Bookstore\bulk_images\Systemic Pathology Vol.2 (Dr. Sana,2.jpg,.jpg,1376581
D:\Idara_Bookstore\bulk_images\Systemic Pathology Vol.2 (Dr. Sana,3.jpg,.jpg,624791
D:\Idara_Bookstore\bulk_images\Systemic Pathology Vol.2 (Dr. Sana,4.jpg,.jpg,2010006
D:\Idara_Bookstore\bulk_images\Tahfuzi wa Samaji Tibb (Dr. Abdul Mubeen Khan),1.jpg,.jpg,4946690
D:\Idara_Bookstore\bulk_images\Tahfuzi wa Samaji Tibb (Dr. Abdul Mubeen Khan),2.jpg,.jpg,2443931
D:\Idara_Bookstore\bulk_images\Tahfuzi wa Samaji Tibb (Dr. Abdul Mubeen Khan),3.jpg,.jpg,738210
D:\Idara_Bookstore\bulk_images\Tahfuzi wa Samaji Tibb (Dr. Abdul Mubeen Khan),4.jpg,.jpg,7199206
D:\Idara_Bookstore\bulk_images\Tahfuzi wa Samaji Tibb (Hkm. Md. Yusuf Ansari),1.jpg,.jpg,3334471
D:\Idara_Bookstore\bulk_images\Tahfuzi wa Samaji Tibb (Hkm. Md. Yusuf Ansari),2.jpg,.jpg,5023852
D:\Idara_Bookstore\bulk_images\Tahfuzi wa Samaji Tibb (Hkm. Md. Yusuf Ansari),3.jpg,.jpg,2019963
D:\Idara_Bookstore\bulk_images\Tahfuzi wa Samaji Tibb (Hkm. Md. Yusuf Ansari),4.jpg,.jpg,6701193
D:\Idara_Bookstore\bulk_images\Tajurbat Matab (Abdul Mannan),1.jpg,.jpg,4956798
D:\Idara_Bookstore\bulk_images\Tajurbat Matab (Abdul Mannan),2.jpg,.jpg,5191293
D:\Idara_Bookstore\bulk_images\Tajurbat Matab (Abdul Mannan),4.jpg,.jpg,9670066
D:\Idara_Bookstore\bulk_images\Taleemul Advia (Hkm. Hafiz Jaleel Ahmad),1.jpg,.jpg,3202560
D:\Idara_Bookstore\bulk_images\Taleemul Advia (Hkm. Hafiz Jaleel Ahmad),2.jpg,.jpg,3588405
D:\Idara_Bookstore\bulk_images\Taleemul Advia (Hkm. Hafiz Jaleel Ahmad),4.jpg,.jpg,6224751
D:\Idara_Bookstore\bulk_images\Taleemul Mufredat (Syed Afzal Hussain),1.jpg,.jpg,4291071
D:\Idara_Bookstore\bulk_images\Taleemul Mufredat (Syed Afzal Hussain),2.jpg,.jpg,4859406
D:\Idara_Bookstore\bulk_images\Taleemul Mufredat (Syed Afzal Hussain),3.jpg,.jpg,1993016
D:\Idara_Bookstore\bulk_images\Taleemul Mufredat (Syed Afzal Hussain),4.jpg,.jpg,7688402
D:\Idara_Bookstore\bulk_images\Taleemul Qabla (Hkm. Abdul Razzaq),1.jpg,.jpg,3441303
D:\Idara_Bookstore\bulk_images\Taleemul Qabla (Hkm. Abdul Razzaq),2.jpg,.jpg,6055063
D:\Idara_Bookstore\bulk_images\Taleemul Qabla (Hkm. Abdul Razzaq),4.jpg,.jpg,7739117
D:\Idara_Bookstore\bulk_images\Tarikh Tibb Wa Atibbae Qadeem (Prof. Hkm. Syed Haider),1.jpg,.jpg,5145426
D:\Idara_Bookstore\bulk_images\Tarikh Tibb Wa Atibbae Qadeem (Prof. Hkm. Syed Haider),2.jpg,.jpg,2831898
D:\Idara_Bookstore\bulk_images\Tarikh Tibb Wa Atibbae Qadeem (Prof. Hkm. Syed Haider),4.jpg,.jpg,6248406
D:\Idara_Bookstore\bulk_images\Tarikh Tibb Wa Mantiq Falsafa MCQs (Dr. Zubair Ansari),1.jpg,.jpg,2916306
D:\Idara_Bookstore\bulk_images\Tarikh Tibb Wa Mantiq Falsafa MCQs (Dr. Zubair Ansari),2.jpg,.jpg,2791633
D:\Idara_Bookstore\bulk_images\Tarikh Tibb Wa Mantiq Falsafa MCQs (Dr. Zubair Ansari),3.jpg,.jpg,740303
D:\Idara_Bookstore\bulk_images\Tarikh Tibb Wa Mantiq Falsafa MCQs (Dr. Zubair Ansari),4.jpg,.jpg,5037942
D:\Idara_Bookstore\bulk_images\Tariqahaye Ilaj (Dr. Azam),1.jpg,.jpg,4754807
D:\Idara_Bookstore\bulk_images\Tariqahaye Ilaj (Dr. Azam),2.jpg,.jpg,4124666
D:\Idara_Bookstore\bulk_images\Tariqahaye Ilaj (Dr. Azam),3.jpg,.jpg,2017252
D:\Idara_Bookstore\bulk_images\Tariqahaye Ilaj (Dr. Azam),4.jpg,.jpg,7158249
D:\Idara_Bookstore\bulk_images\Tashkeesh Aur Ilaj (Dr. Rasheed),1.jpg,.jpg,5421377
D:\Idara_Bookstore\bulk_images\Tashkeesh Aur Ilaj (Dr. Rasheed),2.jpg,.jpg,5308496
D:\Idara_Bookstore\bulk_images\Tashkeesh Aur Ilaj (Dr. Rasheed),4.jpg,.jpg,9036112
D:\Idara_Bookstore\bulk_images\Tashkeesh Ramooz (Hkm. Md. Azimuddin),1.jpg,.jpg,9310311
D:\Idara_Bookstore\bulk_images\Tashkeesh Ramooz (Hkm. Md. Azimuddin),2.jpg,.jpg,8845345
D:\Idara_Bookstore\bulk_images\Tashkeesh Ramooz (Hkm. Md. Azimuddin),4.jpg,.jpg,16347916
D:\Idara_Bookstore\bulk_images\Tashkeeshul Amraz (Shamshul Afaaq),1.jpg,.jpg,3762450
D:\Idara_Bookstore\bulk_images\Tashkeeshul Amraz (Shamshul Afaaq),2.jpg,.jpg,4153302
D:\Idara_Bookstore\bulk_images\Tashkeeshul Amraz (Shamshul Afaaq),4.jpg,.jpg,7443876
D:\Idara_Bookstore\bulk_images\Tashreehul Ahisha (Hkm. Mohd Ahmad Lari),1.jpg,.jpg,2479107
D:\Idara_Bookstore\bulk_images\Tashreehul Ahisha (Hkm. Mohd Ahmad Lari),2.jpg,.jpg,2825820
D:\Idara_Bookstore\bulk_images\Tashreehul Ahisha (Hkm. Mohd Ahmad Lari),3.jpg,.jpg,741689
D:\Idara_Bookstore\bulk_images\Tashreehul Ahisha (Hkm. Mohd Ahmad Lari),4.jpg,.jpg,4941425
D:\Idara_Bookstore\bulk_images\Tashrihul Badan Vol.1-2 (Dr. Alauddin),1-1.jpg,.jpg,2849684
D:\Idara_Bookstore\bulk_images\Tashrihul Badan Vol.1-2 (Dr. Alauddin),1-2.jpg,.jpg,2900558
D:\Idara_Bookstore\bulk_images\Tashrihul Badan Vol.1-2 (Dr. Alauddin),1-4.jpg,.jpg,5305993
D:\Idara_Bookstore\bulk_images\Tashrihul Badan Vol.1-2 (Dr. Alauddin),2-1.jpg,.jpg,4289735
D:\Idara_Bookstore\bulk_images\Tashrihul Badan Vol.1-2 (Dr. Alauddin),2-2.jpg,.jpg,3268977
D:\Idara_Bookstore\bulk_images\Tashrihul Badan Vol.1-2 (Dr. Alauddin),2-4.jpg,.jpg,7446978
D:\Idara_Bookstore\bulk_images\Tehdeed Kulliyate Umoore Tabbiya (Jaleel Ahmed),1.jpg,.jpg,3230252
D:\Idara_Bookstore\bulk_images\Tehdeed Kulliyate Umoore Tabbiya (Jaleel Ahmed),2.jpg,.jpg,3202897
D:\Idara_Bookstore\bulk_images\Tehdeed Kulliyate Umoore Tabbiya (Jaleel Ahmed),3.jpg,.jpg,743493
D:\Idara_Bookstore\bulk_images\Tehdeed Kulliyate Umoore Tabbiya (Jaleel Ahmed),4.jpg,.jpg,5939160
D:\Idara_Bookstore\bulk_images\Tehdeed Mantiq Wa Falsafa (Abdul Jaleel Ahmed),1.jpg,.jpg,4006808
D:\Idara_Bookstore\bulk_images\Tehdeed Mantiq Wa Falsafa (Abdul Jaleel Ahmed),2.jpg,.jpg,3030655
D:\Idara_Bookstore\bulk_images\Tehdeed Mantiq Wa Falsafa (Abdul Jaleel Ahmed),3.jpg,.jpg,741373
D:\Idara_Bookstore\bulk_images\Tehdeed Mantiq Wa Falsafa (Abdul Jaleel Ahmed),4.jpg,.jpg,6520694
"D:\Idara_Bookstore\bulk_images\The Canon of Medicine (Avicenna, Laleh Bakhtiar)",1.jpg,.jpg,939676
"D:\Idara_Bookstore\bulk_images\The Canon of Medicine (Avicenna, Laleh Bakhtiar)",2.jpg,.jpg,917866
"D:\Idara_Bookstore\bulk_images\The Canon of Medicine (Avicenna, Laleh Bakhtiar)",4.jpg,.jpg,1369289
D:\Idara_Bookstore\bulk_images\The Pioneer (Dr. Danish & Izhar),1.jpg,.jpg,2705020
D:\Idara_Bookstore\bulk_images\The Pioneer (Dr. Danish & Izhar),2.jpg,.jpg,3604752
D:\Idara_Bookstore\bulk_images\The Pioneer (Dr. Danish & Izhar),3.jpg,.jpg,750786
D:\Idara_Bookstore\bulk_images\The Pioneer (Dr. Danish & Izhar),4.jpg,.jpg,5964116
D:\Idara_Bookstore\bulk_images\The Premier (Dr. Izharul Hasan),1.jpg,.jpg,2741982
D:\Idara_Bookstore\bulk_images\The Premier (Dr. Izharul Hasan),2.jpg,.jpg,3605945
D:\Idara_Bookstore\bulk_images\The Premier (Dr. Izharul Hasan),3.jpg,.jpg,732071
D:\Idara_Bookstore\bulk_images\The Premier (Dr. Izharul Hasan),4.jpg,.jpg,6515239
D:\Idara_Bookstore\bulk_images\The Premier Advance (Dr. Izharul Hasan),1.jpg,.jpg,2321703
D:\Idara_Bookstore\bulk_images\The Premier Advance (Dr. Izharul Hasan),2.jpg,.jpg,4641771
D:\Idara_Bookstore\bulk_images\The Premier Advance (Dr. Izharul Hasan),3.jpg,.jpg,733715
D:\Idara_Bookstore\bulk_images\The Premier Advance (Dr. Izharul Hasan),4.jpg,.jpg,6618771
D:\Idara_Bookstore\bulk_images\Tibbe Ahsani (Ahsaan Ali),1.jpg,.jpg,1625441
D:\Idara_Bookstore\bulk_images\Tibbe Ahsani (Ahsaan Ali),2.jpg,.jpg,1970900
D:\Idara_Bookstore\bulk_images\Tibbe Ahsani (Ahsaan Ali),3.jpg,.jpg,644814
D:\Idara_Bookstore\bulk_images\Tibbe Ahsani (Ahsaan Ali),4.jpg,.jpg,3108051
D:\Idara_Bookstore\bulk_images\Tibbe Nabvi Khajor Sehad Se Ilaj (Dr. Mouzam Javed),1.jpg,.jpg,2070316
D:\Idara_Bookstore\bulk_images\Tibbe Qanoon (Md. Farooq),1.jpg,.jpg,4346777
D:\Idara_Bookstore\bulk_images\Tibbe Qanoon (Md. Farooq),2.jpg,.jpg,4154600
D:\Idara_Bookstore\bulk_images\Tibbe Qanoon (Md. Farooq),4.jpg,.jpg,8005694
D:\Idara_Bookstore\bulk_images\Tibbe Qanooni (Abdul Mobeen),1.jpg,.jpg,6178692
D:\Idara_Bookstore\bulk_images\Tibbe Qanooni (Abdul Mobeen),2.jpg,.jpg,5464903
D:\Idara_Bookstore\bulk_images\Tibbe Qanooni (Abdul Mobeen),4.jpg,.jpg,9854682
D:\Idara_Bookstore\bulk_images\Tibbe Qanooni (Juris Prudunce) (Hkm. Mohd Yusuf),1.jpg,.jpg,3722713
D:\Idara_Bookstore\bulk_images\Tibbe Qanooni (Juris Prudunce) (Hkm. Mohd Yusuf),2.jpg,.jpg,4550727
D:\Idara_Bookstore\bulk_images\Tibbe Qanooni (Juris Prudunce) (Hkm. Mohd Yusuf),3.jpg,.jpg,736915
D:\Idara_Bookstore\bulk_images\Tibbe Qanooni (Juris Prudunce) (Hkm. Mohd Yusuf),4.jpg,.jpg,8650193
D:\Idara_Bookstore\bulk_images\Tibbe Qanooni Wa Ilmum Samoom (Fazlur Rehman),1.jpg,.jpg,2303917
D:\Idara_Bookstore\bulk_images\Tibbe Qanooni Wa Ilmum Samoom (Fazlur Rehman),2.jpg,.jpg,4266853
D:\Idara_Bookstore\bulk_images\Tibbe Qanooni Wa Ilmum Samoom (Fazlur Rehman),4.jpg,.jpg,6019726
D:\Idara_Bookstore\bulk_images\Tibbe Yusufi (Yusufi Bin Yusuf),1.jpg,.jpg,5731186
D:\Idara_Bookstore\bulk_images\Tibbe Yusufi (Yusufi Bin Yusuf),2.jpg,.jpg,7755794
D:\Idara_Bookstore\bulk_images\Tibbe Yusufi (Yusufi Bin Yusuf),4.jpg,.jpg,11861515
D:\Idara_Bookstore\bulk_images\Tibbi Arabic Reader (Hkm. Raziul Islam Nadvi),1.jpg,.jpg,3552310
D:\Idara_Bookstore\bulk_images\Tibbi Arabic Reader (Hkm. Raziul Islam Nadvi),2.jpg,.jpg,3581464
D:\Idara_Bookstore\bulk_images\Tibbi Arabic Reader (Hkm. Raziul Islam Nadvi),3.jpg,.jpg,2015754
D:\Idara_Bookstore\bulk_images\Tibbi Arabic Reader (Hkm. Raziul Islam Nadvi),4.jpg,.jpg,5658596
D:\Idara_Bookstore\bulk_images\Tibbi Qanooncha (Hkm. Gulam Hasnain Kantori),1.jpg,.jpg,6674985
D:\Idara_Bookstore\bulk_images\Tibbi Qanooncha (Hkm. Gulam Hasnain Kantori),2.jpg,.jpg,5481990
D:\Idara_Bookstore\bulk_images\Tibbi Qanooncha (Hkm. Gulam Hasnain Kantori),4.jpg,.jpg,11662193
D:\Idara_Bookstore\bulk_images\Tibbi Shipare (Hkm. Maulvi Md. Yaar Khan),1.jpg,.jpg,11968380
D:\Idara_Bookstore\bulk_images\Tibbi Shipare (Hkm. Maulvi Md. Yaar Khan),2.jpg,.jpg,5950984
D:\Idara_Bookstore\bulk_images\Tibbi Shipare (Hkm. Maulvi Md. Yaar Khan),4.jpg,.jpg,16316374
D:\Idara_Bookstore\bulk_images\Tibbul Qanoon (Juris Prudunce) (Hkm. Hammad Usmani),1.jpg,.jpg,1933958
D:\Idara_Bookstore\bulk_images\Tibbul Qanoon (Juris Prudunce) (Hkm. Hammad Usmani),2.jpg,.jpg,3225263
D:\Idara_Bookstore\bulk_images\Tibbul Qanoon (Juris Prudunce) (Hkm. Hammad Usmani),4.jpg,.jpg,4619647
D:\Idara_Bookstore\bulk_images\Tohfa Husn Jamal (Mohd. Idress Habban),1.jpg,.jpg,4660342
D:\Idara_Bookstore\bulk_images\Tohfa Husn Jamal (Mohd. Idress Habban),2.jpg,.jpg,5531898
D:\Idara_Bookstore\bulk_images\Tohfa Husn Jamal (Mohd. Idress Habban),3.jpg,.jpg,2016320
D:\Idara_Bookstore\bulk_images\Tohfa Husn Jamal (Mohd. Idress Habban),4.jpg,.jpg,9117278
D:\Idara_Bookstore\bulk_images\Tufili Ajsaam (Mirza Abdul Noor Baig),1.jpg,.jpg,5464011
D:\Idara_Bookstore\bulk_images\Tufili Ajsaam (Mirza Abdul Noor Baig),2.jpg,.jpg,4775901
D:\Idara_Bookstore\bulk_images\Tufili Ajsaam (Mirza Abdul Noor Baig),4.jpg,.jpg,8483825
D:\Idara_Bookstore\bulk_images\Ultrasound Guide (Dr. Atiqur Rehman),1.jpg,.jpg,3867538
D:\Idara_Bookstore\bulk_images\Ultrasound Guide (Dr. Atiqur Rehman),2.jpg,.jpg,5849049
D:\Idara_Bookstore\bulk_images\Ultrasound Guide (Dr. Atiqur Rehman),4.jpg,.jpg,7944849
D:\Idara_Bookstore\bulk_images\Ummul Ilaj (Hkm. Imamullah),1.jpg,.jpg,2724458
D:\Idara_Bookstore\bulk_images\Ummul Ilaj (Hkm. Imamullah),2.jpg,.jpg,4530416
D:\Idara_Bookstore\bulk_images\Ummul Ilaj (Hkm. Imamullah),4.jpg,.jpg,6638965
D:\Idara_Bookstore\bulk_images\Umoore Tabaiyya (Hkm. Israrul Haq),1.jpg,.jpg,2145464
D:\Idara_Bookstore\bulk_images\Umoore Tabaiyya (Hkm. Israrul Haq),2.jpg,.jpg,2873919
D:\Idara_Bookstore\bulk_images\Umoore Tabaiyya (Hkm. Israrul Haq),4.jpg,.jpg,4432066
D:\Idara_Bookstore\bulk_images\Umoore Tabbiya (Hkm. Khalid Zama Khan),1.jpg,.jpg,1652580
D:\Idara_Bookstore\bulk_images\Umoore Tabbiya (Hkm. Khalid Zama Khan),2.jpg,.jpg,3948049
D:\Idara_Bookstore\bulk_images\Umoore Tabbiya (Hkm. Khalid Zama Khan),4.jpg,.jpg,5049511
D:\Idara_Bookstore\bulk_images\Umoore Tabbiya Color Vol.1-2 (Prof. Mohd Aslam),1.jpg,.jpg,4148193
D:\Idara_Bookstore\bulk_images\Umoore Tabbiya Color Vol.1-2 (Prof. Mohd Aslam),2.jpg,.jpg,3635165
D:\Idara_Bookstore\bulk_images\Umoore Tabbiya Color Vol.1-2 (Prof. Mohd Aslam),3.jpg,.jpg,713069
D:\Idara_Bookstore\bulk_images\Umoore Tabbiya Color Vol.1-2 (Prof. Mohd Aslam),4.jpg,.jpg,7532909
D:\Idara_Bookstore\bulk_images\Unani Advia Murakkaba (Md. Hassan Nigrami),1.jpg,.jpg,5577956
D:\Idara_Bookstore\bulk_images\Unani Advia Murakkaba (Md. Hassan Nigrami),2.jpg,.jpg,5545318
D:\Idara_Bookstore\bulk_images\Unani Advia Murakkaba (Md. Hassan Nigrami),4.jpg,.jpg,9500617
D:\Idara_Bookstore\bulk_images\Unani Dermatology (Dr. Izharul Hassan),1.jpg,.jpg,821399
D:\Idara_Bookstore\bulk_images\Unani Dermatology (Dr. Izharul Hassan),2.jpg,.jpg,871959
D:\Idara_Bookstore\bulk_images\Unani Dermatology (Dr. Izharul Hassan),3.jpg,.jpg,589748
D:\Idara_Bookstore\bulk_images\Unani Dermatology (Dr. Izharul Hassan),4.jpg,.jpg,1154008
D:\Idara_Bookstore\bulk_images\Unani Drugs Mineral Origin (Dr. M.A Qureshi),1.jpg,.jpg,3472117
D:\Idara_Bookstore\bulk_images\Unani Drugs Mineral Origin (Dr. M.A Qureshi),2.jpg,.jpg,4851461
D:\Idara_Bookstore\bulk_images\Unani Drugs Mineral Origin (Dr. M.A Qureshi),4.jpg,.jpg,7781945
D:\Idara_Bookstore\bulk_images\Unani General Knowledge (Dr. Saleem Akhtar),1.jpg,.jpg,3374165
D:\Idara_Bookstore\bulk_images\Unani General Knowledge (Dr. Saleem Akhtar),2.jpg,.jpg,3324858
D:\Idara_Bookstore\bulk_images\Unani General Knowledge (Dr. Saleem Akhtar),4.jpg,.jpg,6143469
D:\Idara_Bookstore\bulk_images\Unani Imtehanat Guide (Dr. Sheerazi),1.jpg,.jpg,3929147
D:\Idara_Bookstore\bulk_images\Unani Imtehanat Guide (Dr. Sheerazi),2.jpg,.jpg,3882097
D:\Idara_Bookstore\bulk_images\Unani Imtehanat Guide (Dr. Sheerazi),3.jpg,.jpg,738131
D:\Idara_Bookstore\bulk_images\Unani Imtehanat Guide (Dr. Sheerazi),4.jpg,.jpg,7414258
D:\Idara_Bookstore\bulk_images\Unani Pharmacy (Ilmul Saidla) (Dr. Mohd Ahmad Parwez),1.jpg,.jpg,7524468
D:\Idara_Bookstore\bulk_images\Unani Pharmacy (Ilmul Saidla) (Dr. Mohd Ahmad Parwez),2.jpg,.jpg,8844797
D:\Idara_Bookstore\bulk_images\Unani Pharmacy (Ilmul Saidla) (Dr. Mohd Ahmad Parwez),3.jpg,.jpg,752198
D:\Idara_Bookstore\bulk_images\Unani Pharmacy (Ilmul Saidla) (Dr. Mohd Ahmad Parwez),4.jpg,.jpg,16257350
D:\Idara_Bookstore\bulk_images\Unique Pathalogy MCQs (Dr. Aysha Raza),1.jpg,.jpg,2554938
D:\Idara_Bookstore\bulk_images\Unique Pathalogy MCQs (Dr. Aysha Raza),2.jpg,.jpg,2776002
D:\Idara_Bookstore\bulk_images\Unique Pathalogy MCQs (Dr. Aysha Raza),3.jpg,.jpg,751839
D:\Idara_Bookstore\bulk_images\Unique Pathalogy MCQs (Dr. Aysha Raza),4.jpg,.jpg,5052315
D:\Idara_Bookstore\bulk_images\Usoole Advia (Dr. Aftaab Ahmad),1.jpg,.jpg,11418006
D:\Idara_Bookstore\bulk_images\Usoole Advia (Dr. Aftaab Ahmad),2.jpg,.jpg,10677986
D:\Idara_Bookstore\bulk_images\Usoole Advia (Dr. Aftaab Ahmad),4.jpg,.jpg,21107171
D:\Idara_Bookstore\bulk_images\Usoole Advia (Hkm. Ziaullah Faizi),1.jpg,.jpg,7181074
D:\Idara_Bookstore\bulk_images\Usoole Advia (Hkm. Ziaullah Faizi),2.jpg,.jpg,5558039
D:\Idara_Bookstore\bulk_images\Usoole Advia (Hkm. Ziaullah Faizi),4.jpg,.jpg,10963691
D:\Idara_Bookstore\bulk_images\Usoole Tashkeesh (Sarerriyat) (Dr. Mohd Zubair Ansari),1.jpg,.jpg,3432356
D:\Idara_Bookstore\bulk_images\Usoole Tashkeesh (Sarerriyat) (Dr. Mohd Zubair Ansari),2.jpg,.jpg,3549080
D:\Idara_Bookstore\bulk_images\Usoole Tashkeesh (Sarerriyat) (Dr. Mohd Zubair Ansari),3.jpg,.jpg,736453
D:\Idara_Bookstore\bulk_images\Usoole Tashkeesh (Sarerriyat) (Dr. Mohd Zubair Ansari),4.jpg,.jpg,6451716
D:\Idara_Bookstore\bulk_images\Usoole Tibb 2024 Edition (Hkm. S. Kamaluddin),1.jpg,.jpg,5464730
D:\Idara_Bookstore\bulk_images\Usoole Tibb 2024 Edition (Hkm. S. Kamaluddin),2.jpg,.jpg,6104655
D:\Idara_Bookstore\bulk_images\Usoole Tibb 2024 Edition (Hkm. S. Kamaluddin),3.jpg,.jpg,2014883
D:\Idara_Bookstore\bulk_images\Usoole Tibb 2024 Edition (Hkm. S. Kamaluddin),4.jpg,.jpg,10190793
D:\Idara_Bookstore\bulk_images\Usoole Tibb 2025 (Hkm. Kamaluddin),1.jpg,.jpg,5134172
D:\Idara_Bookstore\bulk_images\Usoole Tibb 2025 (Hkm. Kamaluddin),2.jpg,.jpg,5511591
D:\Idara_Bookstore\bulk_images\Usoole Tibb 2025 (Hkm. Kamaluddin),3.jpg,.jpg,1967219
D:\Idara_Bookstore\bulk_images\Usoole Tibb 2025 (Hkm. Kamaluddin),4.jpg,.jpg,9146143
"D:\Idara_Bookstore\bulk_images\Uzn, Unf Wa Halaq (ENT) (Hkm. Md. Yusuf Ansari)",1.jpg,.jpg,1774248
"D:\Idara_Bookstore\bulk_images\Uzn, Unf Wa Halaq (ENT) (Hkm. Md. Yusuf Ansari)",2.jpg,.jpg,1961083
"D:\Idara_Bookstore\bulk_images\Uzn, Unf Wa Halaq (ENT) (Hkm. Md. Yusuf Ansari)",3.jpg,.jpg,665488
"D:\Idara_Bookstore\bulk_images\Uzn, Unf Wa Halaq (ENT) (Hkm. Md. Yusuf Ansari)",4.jpg,.jpg,3322055
D:\Idara_Bookstore\bulk_images\Wabal Wa Nikal Aatish Wa Suzak (Hkm. Md. Kabiruddin),1.jpg,.jpg,3279116
D:\Idara_Bookstore\bulk_images\Wabal Wa Nikal Aatish Wa Suzak (Hkm. Md. Kabiruddin),2.jpg,.jpg,5449383
D:\Idara_Bookstore\bulk_images\Wabal Wa Nikal Aatish Wa Suzak (Hkm. Md. Kabiruddin),4.jpg,.jpg,6834523
D:\Idara_Bookstore\bulk_images\Wasi Medical Dictionary (Hkm. Azizur Rehman Azmi),1.jpg,.jpg,2552808
D:\Idara_Bookstore\bulk_images\Wasi Medical Dictionary (Hkm. Azizur Rehman Azmi),2.jpg,.jpg,2354610
D:\Idara_Bookstore\bulk_images\Wasi Medical Dictionary (Hkm. Azizur Rehman Azmi),4.jpg,.jpg,5002241
D:\Idara_Bookstore\bulk_images\Wazan Kam Kijaye (Mohd. Idress Habban),1.jpg,.jpg,5400427
D:\Idara_Bookstore\bulk_images\Wazan Kam Kijaye (Mohd. Idress Habban),2.jpg,.jpg,6304473
D:\Idara_Bookstore\bulk_images\Wazan Kam Kijaye (Mohd. Idress Habban),3.jpg,.jpg,2013755
D:\Idara_Bookstore\bulk_images\Zaade Gareeb (Hkm. Sadiq Wa Sharif Khan),1.jpg,.jpg,1554436
D:\Idara_Bookstore\bulk_images\Zaade Gareeb (Hkm. Sadiq Wa Sharif Khan),2.jpg,.jpg,4368591
D:\Idara_Bookstore\bulk_images\Zaade Gareeb (Hkm. Sadiq Wa Sharif Khan),4.jpg,.jpg,5423268
D:\Idara_Bookstore\bulk_images\Zakhera Khawarzim Shahi (Hkm. Ahmadul Hasan Jurjani),1.jpg,.jpg,8726448
D:\Idara_Bookstore\bulk_images\Zakhera Khawarzim Shahi (Hkm. Ahmadul Hasan Jurjani),2.jpg,.jpg,9547249
D:\Idara_Bookstore\bulk_images\Zakhera Khawarzim Shahi (Hkm. Ahmadul Hasan Jurjani),4.jpg,.jpg,18776549
D:\Idara_Bookstore\bulk_images\Zakhera Khawarzim Shahi (Hkm. Ahmadul Hasan Jurjani),5.jpg,.jpg,1608473
D:\Idara_Bookstore\bulk_images\Zanana Amraz Ka Ilaj (Hkm. Majeed Ahmed Narvi),1.jpg,.jpg,5216986
D:\Idara_Bookstore\bulk_images\Zanana Amraz Ka Ilaj (Hkm. Majeed Ahmed Narvi),2.jpg,.jpg,3584717
D:\Idara_Bookstore\bulk_images\Zanana Amraz Ka Ilaj (Hkm. Majeed Ahmed Narvi),3.jpg,.jpg,1976565
D:\Idara_Bookstore\bulk_images\Zanana Amraz Ka Ilaj (Hkm. Majeed Ahmed Narvi),4.jpg,.jpg,6978586
D:\Idara_Bookstore\bulk_images\ZEST MCQs of Gyn & Obst (Dr. Aisha Raza),1.jpg,.jpg,4733737
D:\Idara_Bookstore\bulk_images\ZEST MCQs of Gyn & Obst (Dr. Aisha Raza),2.jpg,.jpg,5058600
D:\Idara_Bookstore\bulk_images\ZEST MCQs of Gyn & Obst (Dr. Aisha Raza),3.jpg,.jpg,2012763
D:\Idara_Bookstore\bulk_images\ZEST MCQs of Gyn & Obst (Dr. Aisha Raza),4.jpg,.jpg,8218784
D:\Idara_Bookstore\bulk_images\Zikariya Tashkeesh (Dr. Minhajuddin),1.jpg,.jpg,4540725
D:\Idara_Bookstore\bulk_images\Zikariya Tashkeesh (Dr. Minhajuddin),2.jpg,.jpg,2389349
D:\Idara_Bookstore\bulk_images\Zikariya Tashkeesh (Dr. Minhajuddin),4.jpg,.jpg,5030373
