main_cover_path,gallery_path1,gallery_path2,gallery_path3
D:\Idara_Bookstore\bulk_images\2017 Solved All India Ayush PG (Syed Afzal Hussain)\1.jpg,D:\Idara_Bookstore\bulk_images\2017 Solved All India Ayush PG (Syed Afzal Hussain)\2.jpg,D:\Idara_Bookstore\bulk_images\2017 Solved All India Ayush PG (Syed Afzal Hussain)\3.jpg,D:\Idara_Bookstore\bulk_images\2017 Solved All India Ayush PG (Syed Afzal Hussain)\4.jpg
D:\Idara_Bookstore\bulk_images\2018 Solved All India Ayush P.G Entrance (Dr. Hina Rashid)\1.jpg,D:\Idara_Bookstore\bulk_images\2018 Solved All India Ayush P.G Entrance (Dr. Hina Rashid)\2.jpg,D:\Idara_Bookstore\bulk_images\2018 Solved All India Ayush P.G Entrance (Dr. Hina Rashid)\3.jpg,D:\Idara_Bookstore\bulk_images\2018 Solved All India Ayush P.G Entrance (Dr. Hina Rashid)\4.jpg
D:\Idara_Bookstore\bulk_images\2019 Solved All India Ayush P.G Entrance (Dr. Hina Rashid)\1.jpg,D:\Idara_Bookstore\bulk_images\2019 Solved All India Ayush P.G Entrance (Dr. Hina Rashid)\2.jpg,D:\Idara_Bookstore\bulk_images\2019 Solved All India Ayush P.G Entrance (Dr. Hina Rashid)\3.jpg,D:\Idara_Bookstore\bulk_images\2019 Solved All India Ayush P.G Entrance (Dr. Hina Rashid)\4.jpg
D:\Idara_Bookstore\bulk_images\2020 Solved All India Ayush P.G (Dr. Hina)\1.jpg,D:\Idara_Bookstore\bulk_images\2020 Solved All India Ayush P.G (Dr. Hina)\2.jpg,D:\Idara_Bookstore\bulk_images\2020 Solved All India Ayush P.G (Dr. Hina)\3.jpg,D:\Idara_Bookstore\bulk_images\2020 Solved All India Ayush P.G (Dr. Hina)\4.jpg
D:\Idara_Bookstore\bulk_images\2021 Solved All India Ayush PG (Syed Afzal Hussain)\1.jpg,D:\Idara_Bookstore\bulk_images\2021 Solved All India Ayush PG (Syed Afzal Hussain)\2.jpg,D:\Idara_Bookstore\bulk_images\2021 Solved All India Ayush PG (Syed Afzal Hussain)\3.jpg,D:\Idara_Bookstore\bulk_images\2021 Solved All India Ayush PG (Syed Afzal Hussain)\4.jpg
D:\Idara_Bookstore\bulk_images\2022 Solved All India Ayush PG (Syed Afzal Hussain)\1.jpg,D:\Idara_Bookstore\bulk_images\2022 Solved All India Ayush PG (Syed Afzal Hussain)\2.jpg,D:\Idara_Bookstore\bulk_images\2022 Solved All India Ayush PG (Syed Afzal Hussain)\3.jpg,D:\Idara_Bookstore\bulk_images\2022 Solved All India Ayush PG (Syed Afzal Hussain)\4.jpg
D:\Idara_Bookstore\bulk_images\2023 Solved All India Ayush PG (Syed Afzal Hussain)\1 Solved All India 2023.jpg,D:\Idara_Bookstore\bulk_images\2023 Solved All India Ayush PG (Syed Afzal Hussain)\2 Solved All India 2023.jpg,D:\Idara_Bookstore\bulk_images\2023 Solved All India Ayush PG (Syed Afzal Hussain)\4 Solved All India 2023.jpg,
D:\Idara_Bookstore\bulk_images\2024 Solved All India Ayush PG (Syed Afzal Hussain)\1.jpg,D:\Idara_Bookstore\bulk_images\2024 Solved All India Ayush PG (Syed Afzal Hussain)\2.jpg,D:\Idara_Bookstore\bulk_images\2024 Solved All India Ayush PG (Syed Afzal Hussain)\3.jpg,D:\Idara_Bookstore\bulk_images\2024 Solved All India Ayush PG (Syed Afzal Hussain)\4.jpg
D:\Idara_Bookstore\bulk_images\Aalat Uzn Unf Wa Halaq (Dr. Abdul Nasir)\1.jpg,D:\Idara_Bookstore\bulk_images\Aalat Uzn Unf Wa Halaq (Dr. Abdul Nasir)\2.jpg,D:\Idara_Bookstore\bulk_images\Aalat Uzn Unf Wa Halaq (Dr. Abdul Nasir)\3.jpg,D:\Idara_Bookstore\bulk_images\Aalat Uzn Unf Wa Halaq (Dr. Abdul Nasir)\4.jpg
D:\Idara_Bookstore\bulk_images\Aatish Wa Suzak Ka Mukammal Ilaj (Hkm. Abdul Majeed)\1.jpg,D:\Idara_Bookstore\bulk_images\Aatish Wa Suzak Ka Mukammal Ilaj (Hkm. Abdul Majeed)\2.jpg,D:\Idara_Bookstore\bulk_images\Aatish Wa Suzak Ka Mukammal Ilaj (Hkm. Abdul Majeed)\4.jpg,
D:\Idara_Bookstore\bulk_images\Adam Tashreehul Badan Vol.1-2 (Hkm. Imamuddin)\1-1.jpg,D:\Idara_Bookstore\bulk_images\Adam Tashreehul Badan Vol.1-2 (Hkm. Imamuddin)\1-2.jpg,D:\Idara_Bookstore\bulk_images\Adam Tashreehul Badan Vol.1-2 (Hkm. Imamuddin)\1-4.jpg,D:\Idara_Bookstore\bulk_images\Adam Tashreehul Badan Vol.1-2 (Hkm. Imamuddin)\2-1.jpg
D:\Idara_Bookstore\bulk_images\Advia Haywaniya Urdu (Dr. Mustehasan)\1.jpg,D:\Idara_Bookstore\bulk_images\Advia Haywaniya Urdu (Dr. Mustehasan)\2.jpg,D:\Idara_Bookstore\bulk_images\Advia Haywaniya Urdu (Dr. Mustehasan)\3.jpg,D:\Idara_Bookstore\bulk_images\Advia Haywaniya Urdu (Dr. Mustehasan)\4.jpg
D:\Idara_Bookstore\bulk_images\Advia Madniya Eng (Dr. Mustehasan)\1.jpg,D:\Idara_Bookstore\bulk_images\Advia Madniya Eng (Dr. Mustehasan)\2.jpg,D:\Idara_Bookstore\bulk_images\Advia Madniya Eng (Dr. Mustehasan)\3.jpg,D:\Idara_Bookstore\bulk_images\Advia Madniya Eng (Dr. Mustehasan)\4.jpg
D:\Idara_Bookstore\bulk_images\Advia Madniya Urdu (Dr. Mustehasan)\1.jpg,D:\Idara_Bookstore\bulk_images\Advia Madniya Urdu (Dr. Mustehasan)\2.jpg,D:\Idara_Bookstore\bulk_images\Advia Madniya Urdu (Dr. Mustehasan)\4.jpg,
D:\Idara_Bookstore\bulk_images\Afalul Aza Vol.1-2 (Hkm. Khalid Zama)\1-1.jpg,D:\Idara_Bookstore\bulk_images\Afalul Aza Vol.1-2 (Hkm. Khalid Zama)\1-2.jpg,D:\Idara_Bookstore\bulk_images\Afalul Aza Vol.1-2 (Hkm. Khalid Zama)\1-4.jpg,D:\Idara_Bookstore\bulk_images\Afalul Aza Vol.1-2 (Hkm. Khalid Zama)\2-1.jpg
D:\Idara_Bookstore\bulk_images\Afzal Medical Dictionary (Lughat) (Dr. Wahab Akhtar Aziz)\1.jpg,D:\Idara_Bookstore\bulk_images\Afzal Medical Dictionary (Lughat) (Dr. Wahab Akhtar Aziz)\2.jpg,D:\Idara_Bookstore\bulk_images\Afzal Medical Dictionary (Lughat) (Dr. Wahab Akhtar Aziz)\4.jpg,
D:\Idara_Bookstore\bulk_images\Afzal Mufredat Vol.1 (Syed Asad Hussain\1.jpg,D:\Idara_Bookstore\bulk_images\Afzal Mufredat Vol.1 (Syed Asad Hussain\2.jpg,D:\Idara_Bookstore\bulk_images\Afzal Mufredat Vol.1 (Syed Asad Hussain\3.jpg,D:\Idara_Bookstore\bulk_images\Afzal Mufredat Vol.1 (Syed Asad Hussain\4.jpg
D:\Idara_Bookstore\bulk_images\Afzal Mufredat Vol.2 (Syed Asad Hussain\1.jpg,D:\Idara_Bookstore\bulk_images\Afzal Mufredat Vol.2 (Syed Asad Hussain\2.jpg,D:\Idara_Bookstore\bulk_images\Afzal Mufredat Vol.2 (Syed Asad Hussain\4.jpg,
D:\Idara_Bookstore\bulk_images\Afzal Mufredat Vol.3 (Syed Asad Hussain\1.jpg,D:\Idara_Bookstore\bulk_images\Afzal Mufredat Vol.3 (Syed Asad Hussain\2.jpg,D:\Idara_Bookstore\bulk_images\Afzal Mufredat Vol.3 (Syed Asad Hussain\3.jpg,D:\Idara_Bookstore\bulk_images\Afzal Mufredat Vol.3 (Syed Asad Hussain\4.jpg
D:\Idara_Bookstore\bulk_images\Afzal Mufredat Vol.4 (Syed Asad Hussain\1.jpg,D:\Idara_Bookstore\bulk_images\Afzal Mufredat Vol.4 (Syed Asad Hussain\2.jpg,D:\Idara_Bookstore\bulk_images\Afzal Mufredat Vol.4 (Syed Asad Hussain\3.jpg,D:\Idara_Bookstore\bulk_images\Afzal Mufredat Vol.4 (Syed Asad Hussain\4.jpg
,,,
D:\Idara_Bookstore\bulk_images\Akseer Ul Qulub Wa Mufrehul Qulub (Hkm. Mohd. Akbar Arzani)\1.jpg,D:\Idara_Bookstore\bulk_images\Akseer Ul Qulub Wa Mufrehul Qulub (Hkm. Mohd. Akbar Arzani)\2.jpg,D:\Idara_Bookstore\bulk_images\Akseer Ul Qulub Wa Mufrehul Qulub (Hkm. Mohd. Akbar Arzani)\3.jpg,D:\Idara_Bookstore\bulk_images\Akseer Ul Qulub Wa Mufrehul Qulub (Hkm. Mohd. Akbar Arzani)\4.jpg
D:\Idara_Bookstore\bulk_images\Akseer-e-Azam (Hkm. Mohd Kabiruddin)\1.jpg,D:\Idara_Bookstore\bulk_images\Akseer-e-Azam (Hkm. Mohd Kabiruddin)\2.jpg,D:\Idara_Bookstore\bulk_images\Akseer-e-Azam (Hkm. Mohd Kabiruddin)\3.jpg,D:\Idara_Bookstore\bulk_images\Akseer-e-Azam (Hkm. Mohd Kabiruddin)\4.jpg
D:\Idara_Bookstore\bulk_images\Akseere Baah Vol.1-2 (Hkm. Nazeer Ahmed Khan)\1-1.jpg,D:\Idara_Bookstore\bulk_images\Akseere Baah Vol.1-2 (Hkm. Nazeer Ahmed Khan)\1-2.jpg,D:\Idara_Bookstore\bulk_images\Akseere Baah Vol.1-2 (Hkm. Nazeer Ahmed Khan)\1-4.jpg,D:\Idara_Bookstore\bulk_images\Akseere Baah Vol.1-2 (Hkm. Nazeer Ahmed Khan)\2-1.jpg
,,,
D:\Idara_Bookstore\bulk_images\Al Fazul Advia (Hkm. Nooruddin)\1.jpg,D:\Idara_Bookstore\bulk_images\Al Fazul Advia (Hkm. Nooruddin)\2.jpg,D:\Idara_Bookstore\bulk_images\Al Fazul Advia (Hkm. Nooruddin)\4.jpg,
,,,
,,,
,,,
D:\Idara_Bookstore\bulk_images\Al Jaryaan (Hkm. Md. Firoozuddin)\1.jpg,D:\Idara_Bookstore\bulk_images\Al Jaryaan (Hkm. Md. Firoozuddin)\2.jpg,D:\Idara_Bookstore\bulk_images\Al Jaryaan (Hkm. Md. Firoozuddin)\4.jpg,
,,,
,,,
,,,
D:\Idara_Bookstore\bulk_images\Al Moalijat Moti Jurrah (Hkm. Md. Kabiruddin)\1.jpg,D:\Idara_Bookstore\bulk_images\Al Moalijat Moti Jurrah (Hkm. Md. Kabiruddin)\2.jpg,D:\Idara_Bookstore\bulk_images\Al Moalijat Moti Jurrah (Hkm. Md. Kabiruddin)\4.jpg,
D:\Idara_Bookstore\bulk_images\Al Qanoon (Bo Ali Sena)\1-1.jpg,D:\Idara_Bookstore\bulk_images\Al Qanoon (Bo Ali Sena)\1-2.jpg,D:\Idara_Bookstore\bulk_images\Al Qanoon (Bo Ali Sena)\1-3.jpg,D:\Idara_Bookstore\bulk_images\Al Qanoon (Bo Ali Sena)\1-4.jpg
D:\Idara_Bookstore\bulk_images\Al Qarabadeen Vol.1-2 (Hkm. Md. Kabiruddin)\1-1.jpg,D:\Idara_Bookstore\bulk_images\Al Qarabadeen Vol.1-2 (Hkm. Md. Kabiruddin)\1-2.jpg,D:\Idara_Bookstore\bulk_images\Al Qarabadeen Vol.1-2 (Hkm. Md. Kabiruddin)\1-4.jpg,D:\Idara_Bookstore\bulk_images\Al Qarabadeen Vol.1-2 (Hkm. Md. Kabiruddin)\2-1.jpg
D:\Idara_Bookstore\bulk_images\Al Risalah Fil Nabz (Hkm. Syed Azizullah Hussaini)\1.jpg,D:\Idara_Bookstore\bulk_images\Al Risalah Fil Nabz (Hkm. Syed Azizullah Hussaini)\2.jpg,D:\Idara_Bookstore\bulk_images\Al Risalah Fil Nabz (Hkm. Syed Azizullah Hussaini)\3.jpg,D:\Idara_Bookstore\bulk_images\Al Risalah Fil Nabz (Hkm. Syed Azizullah Hussaini)\4.jpg
D:\Idara_Bookstore\bulk_images\Al Tashkeesh {Nabz Bool Wa Baraz} (Dr. Zubair Ansari)\1.jpg,D:\Idara_Bookstore\bulk_images\Al Tashkeesh {Nabz Bool Wa Baraz} (Dr. Zubair Ansari)\2.jpg,D:\Idara_Bookstore\bulk_images\Al Tashkeesh {Nabz Bool Wa Baraz} (Dr. Zubair Ansari)\4.jpg,
D:\Idara_Bookstore\bulk_images\Al-Umoore Tabiya (Dr. Zubair Ahmed)\1.jpg,D:\Idara_Bookstore\bulk_images\Al-Umoore Tabiya (Dr. Zubair Ahmed)\2.jpg,D:\Idara_Bookstore\bulk_images\Al-Umoore Tabiya (Dr. Zubair Ahmed)\4.jpg,
D:\Idara_Bookstore\bulk_images\Allopethic Drugs Therapy (Dr. Hasan Askari)\1.jpg,D:\Idara_Bookstore\bulk_images\Allopethic Drugs Therapy (Dr. Hasan Askari)\2.jpg,D:\Idara_Bookstore\bulk_images\Allopethic Drugs Therapy (Dr. Hasan Askari)\4.jpg,
,,,
,,,
D:\Idara_Bookstore\bulk_images\Amraz-E-Niswan MCQs (Saleem Akhtar)\1.jpg,D:\Idara_Bookstore\bulk_images\Amraz-E-Niswan MCQs (Saleem Akhtar)\2.jpg,D:\Idara_Bookstore\bulk_images\Amraz-E-Niswan MCQs (Saleem Akhtar)\4.jpg,
,,,
,,,
,,,
D:\Idara_Bookstore\bulk_images\Amraze Jild (Dr. Azhar Yasin)\1.jpg,D:\Idara_Bookstore\bulk_images\Amraze Jild (Dr. Azhar Yasin)\2.jpg,D:\Idara_Bookstore\bulk_images\Amraze Jild (Dr. Azhar Yasin)\4.jpg,
D:\Idara_Bookstore\bulk_images\Amraze Niswan (Hkm. Md. Yusuf)\1.jpg,D:\Idara_Bookstore\bulk_images\Amraze Niswan (Hkm. Md. Yusuf)\2.jpg,D:\Idara_Bookstore\bulk_images\Amraze Niswan (Hkm. Md. Yusuf)\4.jpg,
D:\Idara_Bookstore\bulk_images\Amraze Niswan (Hkm. Wasim Azmi)\1.jpg,D:\Idara_Bookstore\bulk_images\Amraze Niswan (Hkm. Wasim Azmi)\2.jpg,D:\Idara_Bookstore\bulk_images\Amraze Niswan (Hkm. Wasim Azmi)\3.jpg,D:\Idara_Bookstore\bulk_images\Amraze Niswan (Hkm. Wasim Azmi)\4.jpg
D:\Idara_Bookstore\bulk_images\Amraze Subiyaan (Hkm. Md. Abbas Rizvi)\1.jpg,D:\Idara_Bookstore\bulk_images\Amraze Subiyaan (Hkm. Md. Abbas Rizvi)\2.jpg,D:\Idara_Bookstore\bulk_images\Amraze Subiyaan (Hkm. Md. Abbas Rizvi)\4.jpg,
"D:\Idara_Bookstore\bulk_images\Amraze Uzn, Unf Wa Halaq (ENT) (Prof. Dr. Anees Shah)\1.jpg","D:\Idara_Bookstore\bulk_images\Amraze Uzn, Unf Wa Halaq (ENT) (Prof. Dr. Anees Shah)\2.jpg","D:\Idara_Bookstore\bulk_images\Amraze Uzn, Unf Wa Halaq (ENT) (Prof. Dr. Anees Shah)\4.jpg",
D:\Idara_Bookstore\bulk_images\Anatomy {Tashreeul Badan} MCQs (Dr. Saleem)\1.jpg,D:\Idara_Bookstore\bulk_images\Anatomy {Tashreeul Badan} MCQs (Dr. Saleem)\2.jpg,D:\Idara_Bookstore\bulk_images\Anatomy {Tashreeul Badan} MCQs (Dr. Saleem)\3.jpg,D:\Idara_Bookstore\bulk_images\Anatomy {Tashreeul Badan} MCQs (Dr. Saleem)\4.jpg
D:\Idara_Bookstore\bulk_images\Ancient Pathology (Dr. Hina Tarique)\1.jpg,D:\Idara_Bookstore\bulk_images\Ancient Pathology (Dr. Hina Tarique)\2.jpg,D:\Idara_Bookstore\bulk_images\Ancient Pathology (Dr. Hina Tarique)\3.jpg,D:\Idara_Bookstore\bulk_images\Ancient Pathology (Dr. Hina Tarique)\4.jpg
D:\Idara_Bookstore\bulk_images\Antidiabetic Drugs (Dr. Md. Saleem)\1.jpg,D:\Idara_Bookstore\bulk_images\Antidiabetic Drugs (Dr. Md. Saleem)\2.jpg,D:\Idara_Bookstore\bulk_images\Antidiabetic Drugs (Dr. Md. Saleem)\3.jpg,D:\Idara_Bookstore\bulk_images\Antidiabetic Drugs (Dr. Md. Saleem)\4.jpg
D:\Idara_Bookstore\bulk_images\Anwarul Murakkabat (Dr. Danish Jafar)\1.jpg,D:\Idara_Bookstore\bulk_images\Anwarul Murakkabat (Dr. Danish Jafar)\2.jpg,D:\Idara_Bookstore\bulk_images\Anwarul Murakkabat (Dr. Danish Jafar)\3.jpg,D:\Idara_Bookstore\bulk_images\Anwarul Murakkabat (Dr. Danish Jafar)\4.jpg
,,,
D:\Idara_Bookstore\bulk_images\Arabi Aur Mantiq Wa Falsafa MCQs (Dr. Zubair Ansari)\1.jpg,D:\Idara_Bookstore\bulk_images\Arabi Aur Mantiq Wa Falsafa MCQs (Dr. Zubair Ansari)\2.jpg,D:\Idara_Bookstore\bulk_images\Arabi Aur Mantiq Wa Falsafa MCQs (Dr. Zubair Ansari)\3.jpg,D:\Idara_Bookstore\bulk_images\Arabi Aur Mantiq Wa Falsafa MCQs (Dr. Zubair Ansari)\4.jpg
D:\Idara_Bookstore\bulk_images\Asan Tibb Sawal Wa Jawab (Hkm. Badaruddin)\1.jpg,D:\Idara_Bookstore\bulk_images\Asan Tibb Sawal Wa Jawab (Hkm. Badaruddin)\2.jpg,D:\Idara_Bookstore\bulk_images\Asan Tibb Sawal Wa Jawab (Hkm. Badaruddin)\3.jpg,D:\Idara_Bookstore\bulk_images\Asan Tibb Sawal Wa Jawab (Hkm. Badaruddin)\4.jpg
D:\Idara_Bookstore\bulk_images\Asbab Wa Alamat (Hkm. Najeebuddin)\1.jpg,D:\Idara_Bookstore\bulk_images\Asbab Wa Alamat (Hkm. Najeebuddin)\2.jpg,D:\Idara_Bookstore\bulk_images\Asbab Wa Alamat (Hkm. Najeebuddin)\4.jpg,
D:\Idara_Bookstore\bulk_images\Ashrahul Advia (Dr. Abdul Wadood Khan)\1.jpg,D:\Idara_Bookstore\bulk_images\Ashrahul Advia (Dr. Abdul Wadood Khan)\2.jpg,D:\Idara_Bookstore\bulk_images\Ashrahul Advia (Dr. Abdul Wadood Khan)\3.jpg,D:\Idara_Bookstore\bulk_images\Ashrahul Advia (Dr. Abdul Wadood Khan)\4.jpg
D:\Idara_Bookstore\bulk_images\Ayurvedic Pharmacopoeia (Pandit Vaid Jagannath)\1.jpg,D:\Idara_Bookstore\bulk_images\Ayurvedic Pharmacopoeia (Pandit Vaid Jagannath)\2.jpg,D:\Idara_Bookstore\bulk_images\Ayurvedic Pharmacopoeia (Pandit Vaid Jagannath)\4.jpg,
,,,
D:\Idara_Bookstore\bulk_images\Bahry Tibb Ke Chand Moti (Mohd. Idress Habban)\1.jpg,D:\Idara_Bookstore\bulk_images\Bahry Tibb Ke Chand Moti (Mohd. Idress Habban)\2.jpg,D:\Idara_Bookstore\bulk_images\Bahry Tibb Ke Chand Moti (Mohd. Idress Habban)\4.jpg,
D:\Idara_Bookstore\bulk_images\Balon Ki Bimariya Aur Unka Ilaj (Hkm. Idress Habban)\1.jpg,D:\Idara_Bookstore\bulk_images\Balon Ki Bimariya Aur Unka Ilaj (Hkm. Idress Habban)\2.jpg,D:\Idara_Bookstore\bulk_images\Balon Ki Bimariya Aur Unka Ilaj (Hkm. Idress Habban)\3.jpg,D:\Idara_Bookstore\bulk_images\Balon Ki Bimariya Aur Unka Ilaj (Hkm. Idress Habban)\4.jpg
D:\Idara_Bookstore\bulk_images\Banjhpan Ka Mujarrab Ilaj (Hkm. Idress Habban)\1.jpg,D:\Idara_Bookstore\bulk_images\Banjhpan Ka Mujarrab Ilaj (Hkm. Idress Habban)\2.jpg,D:\Idara_Bookstore\bulk_images\Banjhpan Ka Mujarrab Ilaj (Hkm. Idress Habban)\3.jpg,D:\Idara_Bookstore\bulk_images\Banjhpan Ka Mujarrab Ilaj (Hkm. Idress Habban)\4.jpg
,,,
D:\Idara_Bookstore\bulk_images\Benazir Pharmacopoeia (Hkm. Gulam Nabi)\1.jpg,D:\Idara_Bookstore\bulk_images\Benazir Pharmacopoeia (Hkm. Gulam Nabi)\2.jpg,D:\Idara_Bookstore\bulk_images\Benazir Pharmacopoeia (Hkm. Gulam Nabi)\4.jpg,
D:\Idara_Bookstore\bulk_images\Biyan Ul Advia (Hkm. Ram Lubhaya)\1.jpg,D:\Idara_Bookstore\bulk_images\Biyan Ul Advia (Hkm. Ram Lubhaya)\2.jpg,D:\Idara_Bookstore\bulk_images\Biyan Ul Advia (Hkm. Ram Lubhaya)\4.jpg,
,,,
,,,
D:\Idara_Bookstore\bulk_images\Biyaz-E-Kabir Hindi (Kabiruddin)\1-1.jpg,D:\Idara_Bookstore\bulk_images\Biyaz-E-Kabir Hindi (Kabiruddin)\1-2.jpg,D:\Idara_Bookstore\bulk_images\Biyaz-E-Kabir Hindi (Kabiruddin)\1-3.jpg,D:\Idara_Bookstore\bulk_images\Biyaz-E-Kabir Hindi (Kabiruddin)\1-4.jpg
D:\Idara_Bookstore\bulk_images\Biyaze Chauhan (Hkm. Noor Md. Chauhan)\1.jpg,D:\Idara_Bookstore\bulk_images\Biyaze Chauhan (Hkm. Noor Md. Chauhan)\2.jpg,D:\Idara_Bookstore\bulk_images\Biyaze Chauhan (Hkm. Noor Md. Chauhan)\4.jpg,
,,,
D:\Idara_Bookstore\bulk_images\Biyaze Habban (Mohd. Idress Habban)\1.jpg,D:\Idara_Bookstore\bulk_images\Biyaze Habban (Mohd. Idress Habban)\2.jpg,D:\Idara_Bookstore\bulk_images\Biyaze Habban (Mohd. Idress Habban)\4.jpg,
D:\Idara_Bookstore\bulk_images\Biyaze Hijazi (Hkm. Md. Rafeeq Hijazi)\1.jpg,D:\Idara_Bookstore\bulk_images\Biyaze Hijazi (Hkm. Md. Rafeeq Hijazi)\2.jpg,D:\Idara_Bookstore\bulk_images\Biyaze Hijazi (Hkm. Md. Rafeeq Hijazi)\4.jpg,
D:\Idara_Bookstore\bulk_images\Biyaze Kabir (Hkm. Kabiruddin)\1.jpg,D:\Idara_Bookstore\bulk_images\Biyaze Kabir (Hkm. Kabiruddin)\2.jpg,D:\Idara_Bookstore\bulk_images\Biyaze Kabir (Hkm. Kabiruddin)\3.jpg,D:\Idara_Bookstore\bulk_images\Biyaze Kabir (Hkm. Kabiruddin)\4.jpg
D:\Idara_Bookstore\bulk_images\Biyaze Khaas (Ilajul Amraz) (Hkm. Shareefuddin Kabiruddin)\1.jpg,D:\Idara_Bookstore\bulk_images\Biyaze Khaas (Ilajul Amraz) (Hkm. Shareefuddin Kabiruddin)\2.jpg,D:\Idara_Bookstore\bulk_images\Biyaze Khaas (Ilajul Amraz) (Hkm. Shareefuddin Kabiruddin)\4.jpg,
D:\Idara_Bookstore\bulk_images\Biyaze Wahidi (Hkm. Syed Zillur Rehman)\1.jpg,D:\Idara_Bookstore\bulk_images\Biyaze Wahidi (Hkm. Syed Zillur Rehman)\2.jpg,D:\Idara_Bookstore\bulk_images\Biyaze Wahidi (Hkm. Syed Zillur Rehman)\4.jpg,
D:\Idara_Bookstore\bulk_images\Bukahro Ka Usoole Ilaj (Hkm. Md. Kabiruddin)\1.jpg,D:\Idara_Bookstore\bulk_images\Bukahro Ka Usoole Ilaj (Hkm. Md. Kabiruddin)\2.jpg,D:\Idara_Bookstore\bulk_images\Bukahro Ka Usoole Ilaj (Hkm. Md. Kabiruddin)\4.jpg,
D:\Idara_Bookstore\bulk_images\Bustan-ul-Mufaredat (Hkm. Md. Abdul Hakim)\1.jpg,D:\Idara_Bookstore\bulk_images\Bustan-ul-Mufaredat (Hkm. Md. Abdul Hakim)\2.jpg,D:\Idara_Bookstore\bulk_images\Bustan-ul-Mufaredat (Hkm. Md. Abdul Hakim)\3.jpg,D:\Idara_Bookstore\bulk_images\Bustan-ul-Mufaredat (Hkm. Md. Abdul Hakim)\4.jpg
D:\Idara_Bookstore\bulk_images\Canon of Medicine (Al-Qanoon Eng Translation) (Mazhar H. Shah)\1.jpg,D:\Idara_Bookstore\bulk_images\Canon of Medicine (Al-Qanoon Eng Translation) (Mazhar H. Shah)\2.jpg,D:\Idara_Bookstore\bulk_images\Canon of Medicine (Al-Qanoon Eng Translation) (Mazhar H. Shah)\3.jpg,D:\Idara_Bookstore\bulk_images\Canon of Medicine (Al-Qanoon Eng Translation) (Mazhar H. Shah)\4.jpg
D:\Idara_Bookstore\bulk_images\Chand Musalman Scienceda (Hkm. Sheerazi)\1.jpg,D:\Idara_Bookstore\bulk_images\Chand Musalman Scienceda (Hkm. Sheerazi)\2.jpg,D:\Idara_Bookstore\bulk_images\Chand Musalman Scienceda (Hkm. Sheerazi)\3.jpg,D:\Idara_Bookstore\bulk_images\Chand Musalman Scienceda (Hkm. Sheerazi)\4.jpg
D:\Idara_Bookstore\bulk_images\Chehre Ko Haseen Banaye (Hkm. Idress Habban)\1.jpg,D:\Idara_Bookstore\bulk_images\Chehre Ko Haseen Banaye (Hkm. Idress Habban)\2.jpg,D:\Idara_Bookstore\bulk_images\Chehre Ko Haseen Banaye (Hkm. Idress Habban)\3.jpg,D:\Idara_Bookstore\bulk_images\Chehre Ko Haseen Banaye (Hkm. Idress Habban)\4.jpg
,,,
D:\Idara_Bookstore\bulk_images\Concept 24 Subjects Revision Guide (Dr. Aysha)\1.jpg,D:\Idara_Bookstore\bulk_images\Concept 24 Subjects Revision Guide (Dr. Aysha)\2.jpg,D:\Idara_Bookstore\bulk_images\Concept 24 Subjects Revision Guide (Dr. Aysha)\3.jpg,D:\Idara_Bookstore\bulk_images\Concept 24 Subjects Revision Guide (Dr. Aysha)\4.jpg
D:\Idara_Bookstore\bulk_images\Concise History & Ethics Medicine (Tarikhe Tibb) (Syed Afzal Hussain)\1.jpg,D:\Idara_Bookstore\bulk_images\Concise History & Ethics Medicine (Tarikhe Tibb) (Syed Afzal Hussain)\2.jpg,D:\Idara_Bookstore\bulk_images\Concise History & Ethics Medicine (Tarikhe Tibb) (Syed Afzal Hussain)\3.jpg,D:\Idara_Bookstore\bulk_images\Concise History & Ethics Medicine (Tarikhe Tibb) (Syed Afzal Hussain)\4.jpg
D:\Idara_Bookstore\bulk_images\Cosmetology (Abdul Wadud)\1.jpg,D:\Idara_Bookstore\bulk_images\Cosmetology (Abdul Wadud)\2.jpg,D:\Idara_Bookstore\bulk_images\Cosmetology (Abdul Wadud)\3.jpg,D:\Idara_Bookstore\bulk_images\Cosmetology (Abdul Wadud)\4.jpg
D:\Idara_Bookstore\bulk_images\Daanton Ko Khubsurat Banaye (Hkm. Idress Habban)\1.jpg,D:\Idara_Bookstore\bulk_images\Daanton Ko Khubsurat Banaye (Hkm. Idress Habban)\2.jpg,D:\Idara_Bookstore\bulk_images\Daanton Ko Khubsurat Banaye (Hkm. Idress Habban)\3.jpg,D:\Idara_Bookstore\bulk_images\Daanton Ko Khubsurat Banaye (Hkm. Idress Habban)\4.jpg
D:\Idara_Bookstore\bulk_images\Dama Ka Mujarab Ilaj (Mohd. Idress Habban)\1.jpg,D:\Idara_Bookstore\bulk_images\Dama Ka Mujarab Ilaj (Mohd. Idress Habban)\2.jpg,D:\Idara_Bookstore\bulk_images\Dama Ka Mujarab Ilaj (Mohd. Idress Habban)\3.jpg,D:\Idara_Bookstore\bulk_images\Dama Ka Mujarab Ilaj (Mohd. Idress Habban)\4.jpg
D:\Idara_Bookstore\bulk_images\Daniyal Medical Dictionary (Dr. Prof. A.H Bukhari)\1.jpg,D:\Idara_Bookstore\bulk_images\Daniyal Medical Dictionary (Dr. Prof. A.H Bukhari)\2.jpg,D:\Idara_Bookstore\bulk_images\Daniyal Medical Dictionary (Dr. Prof. A.H Bukhari)\4.jpg,
D:\Idara_Bookstore\bulk_images\Dau Sadaf {Amraze Jild} (Dr. Shamim Khan)\1.jpg,D:\Idara_Bookstore\bulk_images\Dau Sadaf {Amraze Jild} (Dr. Shamim Khan)\2.jpg,D:\Idara_Bookstore\bulk_images\Dau Sadaf {Amraze Jild} (Dr. Shamim Khan)\4.jpg,
,,,
D:\Idara_Bookstore\bulk_images\Delhi Ke Sahi Matab (Hkm. Khuwaja Ahmed)\1.jpg,D:\Idara_Bookstore\bulk_images\Delhi Ke Sahi Matab (Hkm. Khuwaja Ahmed)\2.jpg,D:\Idara_Bookstore\bulk_images\Delhi Ke Sahi Matab (Hkm. Khuwaja Ahmed)\3.jpg,D:\Idara_Bookstore\bulk_images\Delhi Ke Sahi Matab (Hkm. Khuwaja Ahmed)\4.jpg
D:\Idara_Bookstore\bulk_images\Delhi Ke Sahi Murakkabat (Hkm. Khuwaja Rizwan)\1.jpg,D:\Idara_Bookstore\bulk_images\Delhi Ke Sahi Murakkabat (Hkm. Khuwaja Rizwan)\2.jpg,D:\Idara_Bookstore\bulk_images\Delhi Ke Sahi Murakkabat (Hkm. Khuwaja Rizwan)\3.jpg,D:\Idara_Bookstore\bulk_images\Delhi Ke Sahi Murakkabat (Hkm. Khuwaja Rizwan)\4.jpg
D:\Idara_Bookstore\bulk_images\Dermatology (Amraze Jild) (Dr. Mohd. Arif)\1.jpg,D:\Idara_Bookstore\bulk_images\Dermatology (Amraze Jild) (Dr. Mohd. Arif)\2.jpg,D:\Idara_Bookstore\bulk_images\Dermatology (Amraze Jild) (Dr. Mohd. Arif)\4.jpg,
D:\Idara_Bookstore\bulk_images\Desi Tibbi Pharmacopoeia (Hkm. Gulam Mohiuddin)\1.jpg,D:\Idara_Bookstore\bulk_images\Desi Tibbi Pharmacopoeia (Hkm. Gulam Mohiuddin)\2.jpg,D:\Idara_Bookstore\bulk_images\Desi Tibbi Pharmacopoeia (Hkm. Gulam Mohiuddin)\4.jpg,
D:\Idara_Bookstore\bulk_images\Diabeties Ka Mukammal Ilaj Kijiye (Hkm. Idress Habban)\1.jpg,D:\Idara_Bookstore\bulk_images\Diabeties Ka Mukammal Ilaj Kijiye (Hkm. Idress Habban)\2.jpg,D:\Idara_Bookstore\bulk_images\Diabeties Ka Mukammal Ilaj Kijiye (Hkm. Idress Habban)\3.jpg,D:\Idara_Bookstore\bulk_images\Diabeties Ka Mukammal Ilaj Kijiye (Hkm. Idress Habban)\4.jpg
D:\Idara_Bookstore\bulk_images\Dil Ke Amraz (Mohd. Idress Habban)\1.jpg,D:\Idara_Bookstore\bulk_images\Dil Ke Amraz (Mohd. Idress Habban)\2.jpg,D:\Idara_Bookstore\bulk_images\Dil Ke Amraz (Mohd. Idress Habban)\3.jpg,D:\Idara_Bookstore\bulk_images\Dil Ke Amraz (Mohd. Idress Habban)\4.jpg
D:\Idara_Bookstore\bulk_images\Dimagi Amraz Ka Mukammal Ilaj (Dr. Idress Habban)\1.jpg,D:\Idara_Bookstore\bulk_images\Dimagi Amraz Ka Mukammal Ilaj (Dr. Idress Habban)\2.jpg,D:\Idara_Bookstore\bulk_images\Dimagi Amraz Ka Mukammal Ilaj (Dr. Idress Habban)\3.jpg,D:\Idara_Bookstore\bulk_images\Dimagi Amraz Ka Mukammal Ilaj (Dr. Idress Habban)\4.jpg
D:\Idara_Bookstore\bulk_images\Dried Fruits Se Ilaj (Hkm. Idress Habban)\1.jpg,D:\Idara_Bookstore\bulk_images\Dried Fruits Se Ilaj (Hkm. Idress Habban)\2.jpg,D:\Idara_Bookstore\bulk_images\Dried Fruits Se Ilaj (Hkm. Idress Habban)\3.jpg,D:\Idara_Bookstore\bulk_images\Dried Fruits Se Ilaj (Hkm. Idress Habban)\4.jpg
D:\Idara_Bookstore\bulk_images\Elite Solved MD Paper (Dr. Umma Asma)\1.jpg,D:\Idara_Bookstore\bulk_images\Elite Solved MD Paper (Dr. Umma Asma)\2.jpg,D:\Idara_Bookstore\bulk_images\Elite Solved MD Paper (Dr. Umma Asma)\3.jpg,D:\Idara_Bookstore\bulk_images\Elite Solved MD Paper (Dr. Umma Asma)\4.jpg
D:\Idara_Bookstore\bulk_images\Ent & Opthamology Scholar Guide MCQs (Dr. Raashid Qazi)\1.jpg,D:\Idara_Bookstore\bulk_images\Ent & Opthamology Scholar Guide MCQs (Dr. Raashid Qazi)\2.jpg,D:\Idara_Bookstore\bulk_images\Ent & Opthamology Scholar Guide MCQs (Dr. Raashid Qazi)\3.jpg,D:\Idara_Bookstore\bulk_images\Ent & Opthamology Scholar Guide MCQs (Dr. Raashid Qazi)\4.jpg
D:\Idara_Bookstore\bulk_images\Faiz Umoomi Basology (Faiz Pathology) (Dr. Minhajuddin)\1.jpg,D:\Idara_Bookstore\bulk_images\Faiz Umoomi Basology (Faiz Pathology) (Dr. Minhajuddin)\2.jpg,D:\Idara_Bookstore\bulk_images\Faiz Umoomi Basology (Faiz Pathology) (Dr. Minhajuddin)\4.jpg,
D:\Idara_Bookstore\bulk_images\Fasd (Dr. Afsahul Kalam)\1.jpg,D:\Idara_Bookstore\bulk_images\Fasd (Dr. Afsahul Kalam)\2.jpg,D:\Idara_Bookstore\bulk_images\Fasd (Dr. Afsahul Kalam)\3.jpg,D:\Idara_Bookstore\bulk_images\Fasd (Dr. Afsahul Kalam)\4.jpg
D:\Idara_Bookstore\bulk_images\Fast Food Mout Ka Saman (Mohd. Idress Habban)\1.jpg,D:\Idara_Bookstore\bulk_images\Fast Food Mout Ka Saman (Mohd. Idress Habban)\2.jpg,D:\Idara_Bookstore\bulk_images\Fast Food Mout Ka Saman (Mohd. Idress Habban)\3.jpg,D:\Idara_Bookstore\bulk_images\Fast Food Mout Ka Saman (Mohd. Idress Habban)\4.jpg
D:\Idara_Bookstore\bulk_images\Firdous Ul Hikmat (Hkm. Abul Hasan Tabri)\1.jpg,D:\Idara_Bookstore\bulk_images\Firdous Ul Hikmat (Hkm. Abul Hasan Tabri)\2.jpg,D:\Idara_Bookstore\bulk_images\Firdous Ul Hikmat (Hkm. Abul Hasan Tabri)\3.jpg,D:\Idara_Bookstore\bulk_images\Firdous Ul Hikmat (Hkm. Abul Hasan Tabri)\4.jpg
D:\Idara_Bookstore\bulk_images\Fruits Se Ilaj (Hkm. Idress Habban)\1.jpg,D:\Idara_Bookstore\bulk_images\Fruits Se Ilaj (Hkm. Idress Habban)\2.jpg,D:\Idara_Bookstore\bulk_images\Fruits Se Ilaj (Hkm. Idress Habban)\3.jpg,D:\Idara_Bookstore\bulk_images\Fruits Se Ilaj (Hkm. Idress Habban)\4.jpg
,,,
,,,
D:\Idara_Bookstore\bulk_images\Geena Muna (Abdul Mansoor Al Hasan)\1.jpg,D:\Idara_Bookstore\bulk_images\Geena Muna (Abdul Mansoor Al Hasan)\2.jpg,D:\Idara_Bookstore\bulk_images\Geena Muna (Abdul Mansoor Al Hasan)\3.jpg,D:\Idara_Bookstore\bulk_images\Geena Muna (Abdul Mansoor Al Hasan)\4.jpg
D:\Idara_Bookstore\bulk_images\General Pathology (Dr. Saba\1.jpg,D:\Idara_Bookstore\bulk_images\General Pathology (Dr. Saba\2.jpg,D:\Idara_Bookstore\bulk_images\General Pathology (Dr. Saba\3.jpg,D:\Idara_Bookstore\bulk_images\General Pathology (Dr. Saba\4.jpg
,,,
D:\Idara_Bookstore\bulk_images\Gurdoo Ka Mukammal Ilaj (Hkm. Idress Habban)\1.jpg,D:\Idara_Bookstore\bulk_images\Gurdoo Ka Mukammal Ilaj (Hkm. Idress Habban)\2.jpg,D:\Idara_Bookstore\bulk_images\Gurdoo Ka Mukammal Ilaj (Hkm. Idress Habban)\3.jpg,D:\Idara_Bookstore\bulk_images\Gurdoo Ka Mukammal Ilaj (Hkm. Idress Habban)\4.jpg
,,,
D:\Idara_Bookstore\bulk_images\Gynae & Obstetrics MCQs (Sofia Naushin)\1.jpg,D:\Idara_Bookstore\bulk_images\Gynae & Obstetrics MCQs (Sofia Naushin)\2.jpg,D:\Idara_Bookstore\bulk_images\Gynae & Obstetrics MCQs (Sofia Naushin)\3.jpg,D:\Idara_Bookstore\bulk_images\Gynae & Obstetrics MCQs (Sofia Naushin)\4.jpg
,,,
,,,
D:\Idara_Bookstore\bulk_images\Hadiya Mazkor (Mardana Bimariyo Ka Ilaj) (Hkm. M. Yusuf Aurangabadi)\1.jpg,D:\Idara_Bookstore\bulk_images\Hadiya Mazkor (Mardana Bimariyo Ka Ilaj) (Hkm. M. Yusuf Aurangabadi)\2.jpg,D:\Idara_Bookstore\bulk_images\Hadiya Mazkor (Mardana Bimariyo Ka Ilaj) (Hkm. M. Yusuf Aurangabadi)\4.jpg,
D:\Idara_Bookstore\bulk_images\Hamdard Matab (Hkm. Abdul Hamid)\1.jpg,D:\Idara_Bookstore\bulk_images\Hamdard Matab (Hkm. Abdul Hamid)\2.jpg,D:\Idara_Bookstore\bulk_images\Hamdard Matab (Hkm. Abdul Hamid)\4.jpg,
D:\Idara_Bookstore\bulk_images\Hamdard Pharmacopoeia (Hkm. Md. Said)\1.jpg,D:\Idara_Bookstore\bulk_images\Hamdard Pharmacopoeia (Hkm. Md. Said)\2.jpg,D:\Idara_Bookstore\bulk_images\Hamdard Pharmacopoeia (Hkm. Md. Said)\4.jpg,
D:\Idara_Bookstore\bulk_images\Har Qism Ke Bukhar Ka Mukammal Ilaj (Hkm. Idress Habban)\1.jpg,D:\Idara_Bookstore\bulk_images\Har Qism Ke Bukhar Ka Mukammal Ilaj (Hkm. Idress Habban)\2.jpg,D:\Idara_Bookstore\bulk_images\Har Qism Ke Bukhar Ka Mukammal Ilaj (Hkm. Idress Habban)\3.jpg,D:\Idara_Bookstore\bulk_images\Har Qism Ke Bukhar Ka Mukammal Ilaj (Hkm. Idress Habban)\4.jpg
D:\Idara_Bookstore\bulk_images\Hayat Niswa Wa Mutalliqa Amraz (Dr. Ayesha Raza)\1.jpg,D:\Idara_Bookstore\bulk_images\Hayat Niswa Wa Mutalliqa Amraz (Dr. Ayesha Raza)\2.jpg,D:\Idara_Bookstore\bulk_images\Hayat Niswa Wa Mutalliqa Amraz (Dr. Ayesha Raza)\3.jpg,D:\Idara_Bookstore\bulk_images\Hayat Niswa Wa Mutalliqa Amraz (Dr. Ayesha Raza)\4.jpg
D:\Idara_Bookstore\bulk_images\Haziq (Hkm. Ajmal Khan)\1.jpg,D:\Idara_Bookstore\bulk_images\Haziq (Hkm. Ajmal Khan)\2.jpg,D:\Idara_Bookstore\bulk_images\Haziq (Hkm. Ajmal Khan)\3.jpg,D:\Idara_Bookstore\bulk_images\Haziq (Hkm. Ajmal Khan)\4.jpg
,,,
D:\Idara_Bookstore\bulk_images\Healing (Low Back Pain) (Dr. Abuzar Lari)\1.jpg,D:\Idara_Bookstore\bulk_images\Healing (Low Back Pain) (Dr. Abuzar Lari)\2.jpg,D:\Idara_Bookstore\bulk_images\Healing (Low Back Pain) (Dr. Abuzar Lari)\3.jpg,D:\Idara_Bookstore\bulk_images\Healing (Low Back Pain) (Dr. Abuzar Lari)\4.jpg
,,,
D:\Idara_Bookstore\bulk_images\Hifzane Sehat (Dr. Bushra Wasim)\1.jpg,D:\Idara_Bookstore\bulk_images\Hifzane Sehat (Dr. Bushra Wasim)\2.jpg,D:\Idara_Bookstore\bulk_images\Hifzane Sehat (Dr. Bushra Wasim)\3.jpg,D:\Idara_Bookstore\bulk_images\Hifzane Sehat (Dr. Bushra Wasim)\4.jpg
D:\Idara_Bookstore\bulk_images\Hijamah (Cupping Therapy) (Dr. Amjad Ahasan Ali)\1.jpg,D:\Idara_Bookstore\bulk_images\Hijamah (Cupping Therapy) (Dr. Amjad Ahasan Ali)\2.jpg,D:\Idara_Bookstore\bulk_images\Hijamah (Cupping Therapy) (Dr. Amjad Ahasan Ali)\4.jpg,
,,,
D:\Idara_Bookstore\bulk_images\Human Anatomy (Tashreehul Badan) (Dr. Siddiqur Rahman)\1.jpg,D:\Idara_Bookstore\bulk_images\Human Anatomy (Tashreehul Badan) (Dr. Siddiqur Rahman)\2.jpg,D:\Idara_Bookstore\bulk_images\Human Anatomy (Tashreehul Badan) (Dr. Siddiqur Rahman)\4.jpg,
D:\Idara_Bookstore\bulk_images\Hummiyat (Mirza Abdul Noor Baig)\1.jpg,D:\Idara_Bookstore\bulk_images\Hummiyat (Mirza Abdul Noor Baig)\2.jpg,D:\Idara_Bookstore\bulk_images\Hummiyat (Mirza Abdul Noor Baig)\4.jpg,
D:\Idara_Bookstore\bulk_images\Hummiyate Qanoon Vol.2 (Hkm. Md. Kabiruddin)\1.jpg,D:\Idara_Bookstore\bulk_images\Hummiyate Qanoon Vol.2 (Hkm. Md. Kabiruddin)\2.jpg,D:\Idara_Bookstore\bulk_images\Hummiyate Qanoon Vol.2 (Hkm. Md. Kabiruddin)\4.jpg,
D:\Idara_Bookstore\bulk_images\IBT 1400 MCQs with Answer & Explanation (Dr. Izhar)\1.jpg,D:\Idara_Bookstore\bulk_images\IBT 1400 MCQs with Answer & Explanation (Dr. Izhar)\2.jpg,D:\Idara_Bookstore\bulk_images\IBT 1400 MCQs with Answer & Explanation (Dr. Izhar)\3.jpg,D:\Idara_Bookstore\bulk_images\IBT 1400 MCQs with Answer & Explanation (Dr. Izhar)\4.jpg
,,,
D:\Idara_Bookstore\bulk_images\Ifadae Kabir Mufassal (Hkm. Kabiruddin)\1.jpg,D:\Idara_Bookstore\bulk_images\Ifadae Kabir Mufassal (Hkm. Kabiruddin)\2.jpg,D:\Idara_Bookstore\bulk_images\Ifadae Kabir Mufassal (Hkm. Kabiruddin)\3.jpg,D:\Idara_Bookstore\bulk_images\Ifadae Kabir Mufassal (Hkm. Kabiruddin)\4.jpg
D:\Idara_Bookstore\bulk_images\Ifadae Kabir Mujammal (Hkm. Kabiruddin)\1.jpg,D:\Idara_Bookstore\bulk_images\Ifadae Kabir Mujammal (Hkm. Kabiruddin)\2.jpg,D:\Idara_Bookstore\bulk_images\Ifadae Kabir Mujammal (Hkm. Kabiruddin)\4.jpg,
D:\Idara_Bookstore\bulk_images\Ilaj Bil Hijamah (Abdul Nasir Farooqi)\1.jpg,D:\Idara_Bookstore\bulk_images\Ilaj Bil Hijamah (Abdul Nasir Farooqi)\2.jpg,D:\Idara_Bookstore\bulk_images\Ilaj Bil Hijamah (Abdul Nasir Farooqi)\3.jpg,D:\Idara_Bookstore\bulk_images\Ilaj Bil Hijamah (Abdul Nasir Farooqi)\4.jpg
D:\Idara_Bookstore\bulk_images\Ilaj bil Tadabeer (Dr. Abdul Mubeen Khan)\1.jpg,D:\Idara_Bookstore\bulk_images\Ilaj bil Tadabeer (Dr. Abdul Mubeen Khan)\2.jpg,D:\Idara_Bookstore\bulk_images\Ilaj bil Tadabeer (Dr. Abdul Mubeen Khan)\3.jpg,D:\Idara_Bookstore\bulk_images\Ilaj bil Tadabeer (Dr. Abdul Mubeen Khan)\4.jpg
D:\Idara_Bookstore\bulk_images\Ilaj bil Tadabeer (Hkm. Kamaluddin Hamdani)\1.jpg,D:\Idara_Bookstore\bulk_images\Ilaj bil Tadabeer (Hkm. Kamaluddin Hamdani)\2.jpg,D:\Idara_Bookstore\bulk_images\Ilaj bil Tadabeer (Hkm. Kamaluddin Hamdani)\3.jpg,D:\Idara_Bookstore\bulk_images\Ilaj bil Tadabeer (Hkm. Kamaluddin Hamdani)\4.jpg
D:\Idara_Bookstore\bulk_images\Ilaj Bil Tadabeer (S. M. Akram)\1.jpg,D:\Idara_Bookstore\bulk_images\Ilaj Bil Tadabeer (S. M. Akram)\2.jpg,D:\Idara_Bookstore\bulk_images\Ilaj Bil Tadabeer (S. M. Akram)\3.jpg,D:\Idara_Bookstore\bulk_images\Ilaj Bil Tadabeer (S. M. Akram)\4.jpg
D:\Idara_Bookstore\bulk_images\Ilaj Bil Tadabir (Dr. Ahmad Raza)\1.jpg,D:\Idara_Bookstore\bulk_images\Ilaj Bil Tadabir (Dr. Ahmad Raza)\2.jpg,D:\Idara_Bookstore\bulk_images\Ilaj Bil Tadabir (Dr. Ahmad Raza)\3.jpg,D:\Idara_Bookstore\bulk_images\Ilaj Bil Tadabir (Dr. Ahmad Raza)\4.jpg
D:\Idara_Bookstore\bulk_images\Ilaj Bil Tadabir (Dr. Isa Nadvi)\1.jpg,D:\Idara_Bookstore\bulk_images\Ilaj Bil Tadabir (Dr. Isa Nadvi)\2.jpg,D:\Idara_Bookstore\bulk_images\Ilaj Bil Tadabir (Dr. Isa Nadvi)\3.jpg,D:\Idara_Bookstore\bulk_images\Ilaj Bil Tadabir (Dr. Isa Nadvi)\4.jpg
D:\Idara_Bookstore\bulk_images\Ilaj Bil Tadabir (Dr. Mehfuzur Rehman)\1.jpg,D:\Idara_Bookstore\bulk_images\Ilaj Bil Tadabir (Dr. Mehfuzur Rehman)\2.jpg,D:\Idara_Bookstore\bulk_images\Ilaj Bil Tadabir (Dr. Mehfuzur Rehman)\3.jpg,D:\Idara_Bookstore\bulk_images\Ilaj Bil Tadabir (Dr. Mehfuzur Rehman)\4.jpg
D:\Idara_Bookstore\bulk_images\Ilajul Amraz {Biyaze Khas} (Hkm. Md. Sharif Khan\1.jpg,D:\Idara_Bookstore\bulk_images\Ilajul Amraz {Biyaze Khas} (Hkm. Md. Sharif Khan\2.jpg,D:\Idara_Bookstore\bulk_images\Ilajul Amraz {Biyaze Khas} (Hkm. Md. Sharif Khan\4.jpg,
D:\Idara_Bookstore\bulk_images\Ilajul Gurba (Hkm. Imam)\1.jpg,D:\Idara_Bookstore\bulk_images\Ilajul Gurba (Hkm. Imam)\2.jpg,D:\Idara_Bookstore\bulk_images\Ilajul Gurba (Hkm. Imam)\3.jpg,D:\Idara_Bookstore\bulk_images\Ilajul Gurba (Hkm. Imam)\4.jpg
D:\Idara_Bookstore\bulk_images\Ilme Jaraseem (Allama Masood Hafiz)\1.jpg,D:\Idara_Bookstore\bulk_images\Ilme Jaraseem (Allama Masood Hafiz)\2.jpg,D:\Idara_Bookstore\bulk_images\Ilme Jaraseem (Allama Masood Hafiz)\4.jpg,
D:\Idara_Bookstore\bulk_images\Ilme Jaraseem (Mirza Abdul Noor Baig)\1.jpg,D:\Idara_Bookstore\bulk_images\Ilme Jaraseem (Mirza Abdul Noor Baig)\2.jpg,D:\Idara_Bookstore\bulk_images\Ilme Jaraseem (Mirza Abdul Noor Baig)\4.jpg,
D:\Idara_Bookstore\bulk_images\Ilme Jinsiyat (Dr. Kamaruz Zama)\1.jpg,D:\Idara_Bookstore\bulk_images\Ilme Jinsiyat (Dr. Kamaruz Zama)\2.jpg,D:\Idara_Bookstore\bulk_images\Ilme Jinsiyat (Dr. Kamaruz Zama)\3.jpg,D:\Idara_Bookstore\bulk_images\Ilme Jinsiyat (Dr. Kamaruz Zama)\4.jpg
D:\Idara_Bookstore\bulk_images\Ilmul Adad Ka Encyclopedia (Syed Zeeshan Nizami)\1.jpg,D:\Idara_Bookstore\bulk_images\Ilmul Adad Ka Encyclopedia (Syed Zeeshan Nizami)\2.jpg,D:\Idara_Bookstore\bulk_images\Ilmul Adad Ka Encyclopedia (Syed Zeeshan Nizami)\4.jpg,
D:\Idara_Bookstore\bulk_images\Ilmul Advia Doctory (Materia Medica) (Muzaffar Hussain Awan)\1.jpg,D:\Idara_Bookstore\bulk_images\Ilmul Advia Doctory (Materia Medica) (Muzaffar Hussain Awan)\2.jpg,D:\Idara_Bookstore\bulk_images\Ilmul Advia Doctory (Materia Medica) (Muzaffar Hussain Awan)\4.jpg,
,,,
D:\Idara_Bookstore\bulk_images\Ilmul Advia Ques-Ans (Dr. Saleem)\1.jpg,D:\Idara_Bookstore\bulk_images\Ilmul Advia Ques-Ans (Dr. Saleem)\2.jpg,D:\Idara_Bookstore\bulk_images\Ilmul Advia Ques-Ans (Dr. Saleem)\3.jpg,D:\Idara_Bookstore\bulk_images\Ilmul Advia Ques-Ans (Dr. Saleem)\4.jpg
D:\Idara_Bookstore\bulk_images\Ilmul Amraaz Qadeem Wa Jadeed (Dr. Sidra)\1.jpg,D:\Idara_Bookstore\bulk_images\Ilmul Amraaz Qadeem Wa Jadeed (Dr. Sidra)\2.jpg,D:\Idara_Bookstore\bulk_images\Ilmul Amraaz Qadeem Wa Jadeed (Dr. Sidra)\3.jpg,D:\Idara_Bookstore\bulk_images\Ilmul Amraaz Qadeem Wa Jadeed (Dr. Sidra)\4.jpg
D:\Idara_Bookstore\bulk_images\Ilmul Amraz (Pathology) (Dr. Md. Gufran)\1.jpg,D:\Idara_Bookstore\bulk_images\Ilmul Amraz (Pathology) (Dr. Md. Gufran)\2.jpg,D:\Idara_Bookstore\bulk_images\Ilmul Amraz (Pathology) (Dr. Md. Gufran)\4.jpg,
,,,
D:\Idara_Bookstore\bulk_images\Ilmul Amraz (Pathology) (Hkm. Md. Yusuf Ansari)\1.jpg,D:\Idara_Bookstore\bulk_images\Ilmul Amraz (Pathology) (Hkm. Md. Yusuf Ansari)\2.jpg,D:\Idara_Bookstore\bulk_images\Ilmul Amraz (Pathology) (Hkm. Md. Yusuf Ansari)\3.jpg,D:\Idara_Bookstore\bulk_images\Ilmul Amraz (Pathology) (Hkm. Md. Yusuf Ansari)\4.jpg
D:\Idara_Bookstore\bulk_images\Ilmul Jarahat (Abdul Irfan)\1.jpg,D:\Idara_Bookstore\bulk_images\Ilmul Jarahat (Abdul Irfan)\2.jpg,D:\Idara_Bookstore\bulk_images\Ilmul Jarahat (Abdul Irfan)\4.jpg,
,,,
,,,
D:\Idara_Bookstore\bulk_images\Ilmul Saidla (Hkm. Wasim Ahmad Azmi)\1.jpg,D:\Idara_Bookstore\bulk_images\Ilmul Saidla (Hkm. Wasim Ahmad Azmi)\2.jpg,D:\Idara_Bookstore\bulk_images\Ilmul Saidla (Hkm. Wasim Ahmad Azmi)\3.jpg,D:\Idara_Bookstore\bulk_images\Ilmul Saidla (Hkm. Wasim Ahmad Azmi)\4.jpg
D:\Idara_Bookstore\bulk_images\Ilmul Saidla (Syed Afzal Hussain)\1.jpg,D:\Idara_Bookstore\bulk_images\Ilmul Saidla (Syed Afzal Hussain)\2.jpg,D:\Idara_Bookstore\bulk_images\Ilmul Saidla (Syed Afzal Hussain)\3.jpg,D:\Idara_Bookstore\bulk_images\Ilmul Saidla (Syed Afzal Hussain)\4.jpg
D:\Idara_Bookstore\bulk_images\Ilmul Wiladat Ilmul Qabla (Dr. Saleem Khan)\1.jpg,D:\Idara_Bookstore\bulk_images\Ilmul Wiladat Ilmul Qabla (Dr. Saleem Khan)\2.jpg,D:\Idara_Bookstore\bulk_images\Ilmul Wiladat Ilmul Qabla (Dr. Saleem Khan)\4.jpg,
D:\Idara_Bookstore\bulk_images\Ilmum Samoom (Toxicology) (Hkm. Hammad Usmani)\1.jpg,D:\Idara_Bookstore\bulk_images\Ilmum Samoom (Toxicology) (Hkm. Hammad Usmani)\2.jpg,D:\Idara_Bookstore\bulk_images\Ilmum Samoom (Toxicology) (Hkm. Hammad Usmani)\4.jpg,
D:\Idara_Bookstore\bulk_images\Ilmum Samoom (Toxicology) (Hkm. Mohd Yusuf Ansari)\1.jpg,D:\Idara_Bookstore\bulk_images\Ilmum Samoom (Toxicology) (Hkm. Mohd Yusuf Ansari)\2.jpg,D:\Idara_Bookstore\bulk_images\Ilmum Samoom (Toxicology) (Hkm. Mohd Yusuf Ansari)\3.jpg,D:\Idara_Bookstore\bulk_images\Ilmum Samoom (Toxicology) (Hkm. Mohd Yusuf Ansari)\4.jpg
D:\Idara_Bookstore\bulk_images\Inke Shafe Gaibi Al Hub Manmohni (Maulvi Karam\1.jpg,D:\Idara_Bookstore\bulk_images\Inke Shafe Gaibi Al Hub Manmohni (Maulvi Karam\2.jpg,D:\Idara_Bookstore\bulk_images\Inke Shafe Gaibi Al Hub Manmohni (Maulvi Karam\3.jpg,D:\Idara_Bookstore\bulk_images\Inke Shafe Gaibi Al Hub Manmohni (Maulvi Karam\4.jpg
D:\Idara_Bookstore\bulk_images\Integrative Management of Non Healing (Dr. Saiyad Shah Alam)\1.jpg,D:\Idara_Bookstore\bulk_images\Integrative Management of Non Healing (Dr. Saiyad Shah Alam)\2.jpg,D:\Idara_Bookstore\bulk_images\Integrative Management of Non Healing (Dr. Saiyad Shah Alam)\3.jpg,D:\Idara_Bookstore\bulk_images\Integrative Management of Non Healing (Dr. Saiyad Shah Alam)\4.jpg
D:\Idara_Bookstore\bulk_images\Intekhabe Mazameen (Md. Javed Akhtar)\1.jpg,D:\Idara_Bookstore\bulk_images\Intekhabe Mazameen (Md. Javed Akhtar)\2.jpg,D:\Idara_Bookstore\bulk_images\Intekhabe Mazameen (Md. Javed Akhtar)\3.jpg,D:\Idara_Bookstore\bulk_images\Intekhabe Mazameen (Md. Javed Akhtar)\4.jpg
,,,
D:\Idara_Bookstore\bulk_images\Iqbal Poetry Eng (Dr. Abdul Gani)\1.jpg,D:\Idara_Bookstore\bulk_images\Iqbal Poetry Eng (Dr. Abdul Gani)\2.jpg,D:\Idara_Bookstore\bulk_images\Iqbal Poetry Eng (Dr. Abdul Gani)\4.jpg,
D:\Idara_Bookstore\bulk_images\Itlaaqi Kulliyat (Dr. Mehmooda Begum)\1.jpg,D:\Idara_Bookstore\bulk_images\Itlaaqi Kulliyat (Dr. Mehmooda Begum)\2.jpg,D:\Idara_Bookstore\bulk_images\Itlaaqi Kulliyat (Dr. Mehmooda Begum)\4.jpg,
D:\Idara_Bookstore\bulk_images\Jadeed Unani Dawasazi (Hkm. Zillur Rehman)\1.jpg,D:\Idara_Bookstore\bulk_images\Jadeed Unani Dawasazi (Hkm. Zillur Rehman)\2.jpg,D:\Idara_Bookstore\bulk_images\Jadeed Unani Dawasazi (Hkm. Zillur Rehman)\3.jpg,D:\Idara_Bookstore\bulk_images\Jadeed Unani Dawasazi (Hkm. Zillur Rehman)\4.jpg
D:\Idara_Bookstore\bulk_images\Jama Usoole Tibb (Dr. Shezad Yaqoob)\1.jpg,D:\Idara_Bookstore\bulk_images\Jama Usoole Tibb (Dr. Shezad Yaqoob)\2.jpg,D:\Idara_Bookstore\bulk_images\Jama Usoole Tibb (Dr. Shezad Yaqoob)\3.jpg,D:\Idara_Bookstore\bulk_images\Jama Usoole Tibb (Dr. Shezad Yaqoob)\4.jpg
,,,
D:\Idara_Bookstore\bulk_images\Jameul Advia (Syed Afzal Hussain)\1.jpg,D:\Idara_Bookstore\bulk_images\Jameul Advia (Syed Afzal Hussain)\2.jpg,D:\Idara_Bookstore\bulk_images\Jameul Advia (Syed Afzal Hussain)\3.jpg,D:\Idara_Bookstore\bulk_images\Jameul Advia (Syed Afzal Hussain)\4.jpg
D:\Idara_Bookstore\bulk_images\Jarahat-e-Umoomi wa Nizami (Hkm. Mohd Yusuf Ansari)\1.jpg,D:\Idara_Bookstore\bulk_images\Jarahat-e-Umoomi wa Nizami (Hkm. Mohd Yusuf Ansari)\2.jpg,D:\Idara_Bookstore\bulk_images\Jarahat-e-Umoomi wa Nizami (Hkm. Mohd Yusuf Ansari)\4.jpg,
,,,
D:\Idara_Bookstore\bulk_images\Jawarahat Sitare Aur Tibbi Ilaj (Alim Iqbal)\1.jpg,D:\Idara_Bookstore\bulk_images\Jawarahat Sitare Aur Tibbi Ilaj (Alim Iqbal)\2.jpg,D:\Idara_Bookstore\bulk_images\Jawarahat Sitare Aur Tibbi Ilaj (Alim Iqbal)\4.jpg,
D:\Idara_Bookstore\bulk_images\Jild Ko Khubsurat Banaye (Hkm. Idress Habban)\1.jpg,D:\Idara_Bookstore\bulk_images\Jild Ko Khubsurat Banaye (Hkm. Idress Habban)\2.jpg,D:\Idara_Bookstore\bulk_images\Jild Ko Khubsurat Banaye (Hkm. Idress Habban)\3.jpg,D:\Idara_Bookstore\bulk_images\Jild Ko Khubsurat Banaye (Hkm. Idress Habban)\4.jpg
D:\Idara_Bookstore\bulk_images\Jild Wa Tazeeniyat (Arshad Jamal)\4.jpg,,,
D:\Idara_Bookstore\bulk_images\Jinsi Amraz Ka Ilaj (Silk Marwareed) (Hkm. Md. Hasan Qarshi)\1.jpg,D:\Idara_Bookstore\bulk_images\Jinsi Amraz Ka Ilaj (Silk Marwareed) (Hkm. Md. Hasan Qarshi)\2.jpg,D:\Idara_Bookstore\bulk_images\Jinsi Amraz Ka Ilaj (Silk Marwareed) (Hkm. Md. Hasan Qarshi)\4.jpg,
,,,
,,,
D:\Idara_Bookstore\bulk_images\Kaleed Shifa (Mohd. Idress Habban)\1.jpg,D:\Idara_Bookstore\bulk_images\Kaleed Shifa (Mohd. Idress Habban)\2.jpg,D:\Idara_Bookstore\bulk_images\Kaleed Shifa (Mohd. Idress Habban)\4.jpg,
D:\Idara_Bookstore\bulk_images\Kaloonji Ke Kamalat (Hkm. Nasir Ahmed Tariq)\1.jpg,D:\Idara_Bookstore\bulk_images\Kaloonji Ke Kamalat (Hkm. Nasir Ahmed Tariq)\2.jpg,D:\Idara_Bookstore\bulk_images\Kaloonji Ke Kamalat (Hkm. Nasir Ahmed Tariq)\4.jpg,
,,,
D:\Idara_Bookstore\bulk_images\Kaloonji Ke Karishmat Urdu (Hkm. Tariq Mehmood Chugtai)\1.jpg,D:\Idara_Bookstore\bulk_images\Kaloonji Ke Karishmat Urdu (Hkm. Tariq Mehmood Chugtai)\2.jpg,D:\Idara_Bookstore\bulk_images\Kaloonji Ke Karishmat Urdu (Hkm. Tariq Mehmood Chugtai)\3.jpg,D:\Idara_Bookstore\bulk_images\Kaloonji Ke Karishmat Urdu (Hkm. Tariq Mehmood Chugtai)\4.jpg
D:\Idara_Bookstore\bulk_images\Kamil Us Sana (Hkm. Ibne Abbas Majusi)\1.jpg,D:\Idara_Bookstore\bulk_images\Kamil Us Sana (Hkm. Ibne Abbas Majusi)\2.jpg,D:\Idara_Bookstore\bulk_images\Kamil Us Sana (Hkm. Ibne Abbas Majusi)\3.jpg,D:\Idara_Bookstore\bulk_images\Kamil Us Sana (Hkm. Ibne Abbas Majusi)\4.jpg
,,,
,,,
D:\Idara_Bookstore\bulk_images\Kanjul Murakkabat (Hkm. Abdullah)\1.jpg,D:\Idara_Bookstore\bulk_images\Kanjul Murakkabat (Hkm. Abdullah)\2.jpg,D:\Idara_Bookstore\bulk_images\Kanjul Murakkabat (Hkm. Abdullah)\4.jpg,
D:\Idara_Bookstore\bulk_images\Kanjul Tashkeesh (Hkm. Md. Rafeeq Hizaji)\1.jpg,D:\Idara_Bookstore\bulk_images\Kanjul Tashkeesh (Hkm. Md. Rafeeq Hizaji)\2.jpg,D:\Idara_Bookstore\bulk_images\Kanjul Tashkeesh (Hkm. Md. Rafeeq Hizaji)\4.jpg,
D:\Idara_Bookstore\bulk_images\Karamad Gharelu Gizahi Nuskhe Hindi (Hkm. Imamuddin Zakai)\1.jpg,D:\Idara_Bookstore\bulk_images\Karamad Gharelu Gizahi Nuskhe Hindi (Hkm. Imamuddin Zakai)\2.jpg,D:\Idara_Bookstore\bulk_images\Karamad Gharelu Gizahi Nuskhe Hindi (Hkm. Imamuddin Zakai)\3.jpg,D:\Idara_Bookstore\bulk_images\Karamad Gharelu Gizahi Nuskhe Hindi (Hkm. Imamuddin Zakai)\4.jpg
D:\Idara_Bookstore\bulk_images\Khairul Tajarib (Hkm. Khair Andesh Khan)\1.jpg,D:\Idara_Bookstore\bulk_images\Khairul Tajarib (Hkm. Khair Andesh Khan)\2.jpg,D:\Idara_Bookstore\bulk_images\Khairul Tajarib (Hkm. Khair Andesh Khan)\4.jpg,
,,,
,,,
,,,
D:\Idara_Bookstore\bulk_images\Khazain Ul Advia Vol.1-2 (Hkm. Najmul Gani)\1.1.jpg,D:\Idara_Bookstore\bulk_images\Khazain Ul Advia Vol.1-2 (Hkm. Najmul Gani)\1.2.jpg,D:\Idara_Bookstore\bulk_images\Khazain Ul Advia Vol.1-2 (Hkm. Najmul Gani)\1.4.jpg,D:\Idara_Bookstore\bulk_images\Khazain Ul Advia Vol.1-2 (Hkm. Najmul Gani)\2.1.jpg
,,,
,,,
D:\Idara_Bookstore\bulk_images\Kifaya Mansoori (Risala Chob Chini) (Hkm. Mansoor Bin Yusuf)\1.jpg,D:\Idara_Bookstore\bulk_images\Kifaya Mansoori (Risala Chob Chini) (Hkm. Mansoor Bin Yusuf)\2.jpg,D:\Idara_Bookstore\bulk_images\Kifaya Mansoori (Risala Chob Chini) (Hkm. Mansoor Bin Yusuf)\4.jpg,
D:\Idara_Bookstore\bulk_images\Kitab E Qabla (Hkm. Md. Yusuf)\1.jpg,D:\Idara_Bookstore\bulk_images\Kitab E Qabla (Hkm. Md. Yusuf)\2.jpg,D:\Idara_Bookstore\bulk_images\Kitab E Qabla (Hkm. Md. Yusuf)\4.jpg,
,,,
D:\Idara_Bookstore\bulk_images\Kitab Tashkeesh Amraz Mukammal (Dr. Fazal Karim)\1.jpg,D:\Idara_Bookstore\bulk_images\Kitab Tashkeesh Amraz Mukammal (Dr. Fazal Karim)\2.jpg,D:\Idara_Bookstore\bulk_images\Kitab Tashkeesh Amraz Mukammal (Dr. Fazal Karim)\4.jpg,
D:\Idara_Bookstore\bulk_images\Kitab Ul Taskheesh (Hkm. Md. Kabiruddin)\1.jpg,D:\Idara_Bookstore\bulk_images\Kitab Ul Taskheesh (Hkm. Md. Kabiruddin)\2.jpg,D:\Idara_Bookstore\bulk_images\Kitab Ul Taskheesh (Hkm. Md. Kabiruddin)\3.jpg,D:\Idara_Bookstore\bulk_images\Kitab Ul Taskheesh (Hkm. Md. Kabiruddin)\4.jpg
,,,
D:\Idara_Bookstore\bulk_images\Kitab-ul-Ain (Prof. Dr. Anees Shah)\1.jpg,D:\Idara_Bookstore\bulk_images\Kitab-ul-Ain (Prof. Dr. Anees Shah)\2.jpg,D:\Idara_Bookstore\bulk_images\Kitab-ul-Ain (Prof. Dr. Anees Shah)\3.jpg,D:\Idara_Bookstore\bulk_images\Kitab-ul-Ain (Prof. Dr. Anees Shah)\4.jpg
D:\Idara_Bookstore\bulk_images\Kitab-ul-Basr (Hkm. Md. Yusuf Ansari)\1.jpg,D:\Idara_Bookstore\bulk_images\Kitab-ul-Basr (Hkm. Md. Yusuf Ansari)\2.jpg,D:\Idara_Bookstore\bulk_images\Kitab-ul-Basr (Hkm. Md. Yusuf Ansari)\4.jpg,
D:\Idara_Bookstore\bulk_images\Kitab-ul-Masadeer {Usoole Ilaj} (Dr. Fizan Ilahi)\1.jpg,D:\Idara_Bookstore\bulk_images\Kitab-ul-Masadeer {Usoole Ilaj} (Dr. Fizan Ilahi)\2.jpg,D:\Idara_Bookstore\bulk_images\Kitab-ul-Masadeer {Usoole Ilaj} (Dr. Fizan Ilahi)\3.jpg,D:\Idara_Bookstore\bulk_images\Kitab-ul-Masadeer {Usoole Ilaj} (Dr. Fizan Ilahi)\4.jpg
D:\Idara_Bookstore\bulk_images\Kitabul Advia (Hkm. Abu Gazali Shamshi)\1.jpg,D:\Idara_Bookstore\bulk_images\Kitabul Advia (Hkm. Abu Gazali Shamshi)\2.jpg,D:\Idara_Bookstore\bulk_images\Kitabul Advia (Hkm. Abu Gazali Shamshi)\4.jpg,
D:\Idara_Bookstore\bulk_images\Kitabul Akhlat (Hkm. Kabiruddin)\1.jpg,D:\Idara_Bookstore\bulk_images\Kitabul Akhlat (Hkm. Kabiruddin)\2.jpg,D:\Idara_Bookstore\bulk_images\Kitabul Akhlat (Hkm. Kabiruddin)\4.jpg,
,,,
D:\Idara_Bookstore\bulk_images\Kitabul Istehlahat {Anatomical Terms} (Dr. Shamshul Afaaq)\1.jpg,D:\Idara_Bookstore\bulk_images\Kitabul Istehlahat {Anatomical Terms} (Dr. Shamshul Afaaq)\2.jpg,D:\Idara_Bookstore\bulk_images\Kitabul Istehlahat {Anatomical Terms} (Dr. Shamshul Afaaq)\4.jpg,
D:\Idara_Bookstore\bulk_images\Kitabul Jarahat Vol.1-2 (Hkm. Hammad Usmani)\1.1.jpg,D:\Idara_Bookstore\bulk_images\Kitabul Jarahat Vol.1-2 (Hkm. Hammad Usmani)\1.2.jpg,D:\Idara_Bookstore\bulk_images\Kitabul Jarahat Vol.1-2 (Hkm. Hammad Usmani)\1.4.jpg,D:\Idara_Bookstore\bulk_images\Kitabul Jarahat Vol.1-2 (Hkm. Hammad Usmani)\2.1.jpg
D:\Idara_Bookstore\bulk_images\Kitabul Kulliyat (Ibne Rushd)\1.jpg,D:\Idara_Bookstore\bulk_images\Kitabul Kulliyat (Ibne Rushd)\2.jpg,D:\Idara_Bookstore\bulk_images\Kitabul Kulliyat (Ibne Rushd)\4.jpg,
,,,
D:\Idara_Bookstore\bulk_images\Kitabul Mansoori (Hkm. Abu Bakar Zikariya Razi)\1.jpg,D:\Idara_Bookstore\bulk_images\Kitabul Mansoori (Hkm. Abu Bakar Zikariya Razi)\2.jpg,D:\Idara_Bookstore\bulk_images\Kitabul Mansoori (Hkm. Abu Bakar Zikariya Razi)\4.jpg,
,,,
,,,
D:\Idara_Bookstore\bulk_images\Kitabul Mufredat (Muzaffar Hussain Awan)\1.jpg,D:\Idara_Bookstore\bulk_images\Kitabul Mufredat (Muzaffar Hussain Awan)\2.jpg,D:\Idara_Bookstore\bulk_images\Kitabul Mufredat (Muzaffar Hussain Awan)\4.jpg,
D:\Idara_Bookstore\bulk_images\Kitabul Mujarebat (Dr. Zubair Ansari)\1.jpg,D:\Idara_Bookstore\bulk_images\Kitabul Mujarebat (Dr. Zubair Ansari)\2.jpg,D:\Idara_Bookstore\bulk_images\Kitabul Mujarebat (Dr. Zubair Ansari)\3.jpg,D:\Idara_Bookstore\bulk_images\Kitabul Mujarebat (Dr. Zubair Ansari)\4.jpg
D:\Idara_Bookstore\bulk_images\Kitabul Murakabat (Hkm. Zillur Rahman)\1.jpg,D:\Idara_Bookstore\bulk_images\Kitabul Murakabat (Hkm. Zillur Rahman)\2.jpg,D:\Idara_Bookstore\bulk_images\Kitabul Murakabat (Hkm. Zillur Rahman)\4.jpg,
,,,
D:\Idara_Bookstore\bulk_images\Kitabul Murakkabat (Syed Afzal Hussain)\1.jpg,D:\Idara_Bookstore\bulk_images\Kitabul Murakkabat (Syed Afzal Hussain)\2.jpg,D:\Idara_Bookstore\bulk_images\Kitabul Murakkabat (Syed Afzal Hussain)\3.jpg,D:\Idara_Bookstore\bulk_images\Kitabul Murakkabat (Syed Afzal Hussain)\4.jpg
D:\Idara_Bookstore\bulk_images\Kitabul Murakkabat Makhzanul Murakkabat (Hkm. Gulam Jeelani)\1.jpg,D:\Idara_Bookstore\bulk_images\Kitabul Murakkabat Makhzanul Murakkabat (Hkm. Gulam Jeelani)\2.jpg,D:\Idara_Bookstore\bulk_images\Kitabul Murakkabat Makhzanul Murakkabat (Hkm. Gulam Jeelani)\4.jpg,
D:\Idara_Bookstore\bulk_images\Kitabul Mursheed (Hkm. Abu Bakar Zikariya Razi)\1.jpg,D:\Idara_Bookstore\bulk_images\Kitabul Mursheed (Hkm. Abu Bakar Zikariya Razi)\2.jpg,D:\Idara_Bookstore\bulk_images\Kitabul Mursheed (Hkm. Abu Bakar Zikariya Razi)\4.jpg,
D:\Idara_Bookstore\bulk_images\Kitabul Saidla (Ilmi wa Amli Sanat Unani Dawasazi) (Hkm. Gulam)\1.jpg,D:\Idara_Bookstore\bulk_images\Kitabul Saidla (Ilmi wa Amli Sanat Unani Dawasazi) (Hkm. Gulam)\2.jpg,D:\Idara_Bookstore\bulk_images\Kitabul Saidla (Ilmi wa Amli Sanat Unani Dawasazi) (Hkm. Gulam)\3.jpg,D:\Idara_Bookstore\bulk_images\Kitabul Saidla (Ilmi wa Amli Sanat Unani Dawasazi) (Hkm. Gulam)\4.jpg
,,,
D:\Idara_Bookstore\bulk_images\Kitabul Taklees (Abdul Hafeez)\1.jpg,D:\Idara_Bookstore\bulk_images\Kitabul Taklees (Abdul Hafeez)\2.jpg,D:\Idara_Bookstore\bulk_images\Kitabul Taklees (Abdul Hafeez)\4.jpg,
,,,
D:\Idara_Bookstore\bulk_images\Kitabul Taklees (Iqbal Ahmad Qasmi)\1.jpg,D:\Idara_Bookstore\bulk_images\Kitabul Taklees (Iqbal Ahmad Qasmi)\2.jpg,D:\Idara_Bookstore\bulk_images\Kitabul Taklees (Iqbal Ahmad Qasmi)\4.jpg,
D:\Idara_Bookstore\bulk_images\Kitabus Samoom (Hkm. Khawaja Rizwan)\1.jpg,D:\Idara_Bookstore\bulk_images\Kitabus Samoom (Hkm. Khawaja Rizwan)\2.jpg,D:\Idara_Bookstore\bulk_images\Kitabus Samoom (Hkm. Khawaja Rizwan)\4.jpg,
D:\Idara_Bookstore\bulk_images\Kulliyat E Advia (Hkm. Kabiruddin)\1.jpg,D:\Idara_Bookstore\bulk_images\Kulliyat E Advia (Hkm. Kabiruddin)\2.jpg,D:\Idara_Bookstore\bulk_images\Kulliyat E Advia (Hkm. Kabiruddin)\3.jpg,D:\Idara_Bookstore\bulk_images\Kulliyat E Advia (Hkm. Kabiruddin)\4.jpg
D:\Idara_Bookstore\bulk_images\Kulliyat E Nafeesi (Hkm. Md. Kabiruddin)\1.jpg,D:\Idara_Bookstore\bulk_images\Kulliyat E Nafeesi (Hkm. Md. Kabiruddin)\2.jpg,D:\Idara_Bookstore\bulk_images\Kulliyat E Nafeesi (Hkm. Md. Kabiruddin)\3.jpg,D:\Idara_Bookstore\bulk_images\Kulliyat E Nafeesi (Hkm. Md. Kabiruddin)\4.jpg
D:\Idara_Bookstore\bulk_images\Kulliyat E Umoore Tabbiya ke Sawal Wa Jawab (Dr. Zubair Ansari)\1.jpg,D:\Idara_Bookstore\bulk_images\Kulliyat E Umoore Tabbiya ke Sawal Wa Jawab (Dr. Zubair Ansari)\2.jpg,D:\Idara_Bookstore\bulk_images\Kulliyat E Umoore Tabbiya ke Sawal Wa Jawab (Dr. Zubair Ansari)\3.jpg,D:\Idara_Bookstore\bulk_images\Kulliyat E Umoore Tabbiya ke Sawal Wa Jawab (Dr. Zubair Ansari)\4.jpg
D:\Idara_Bookstore\bulk_images\Kulliyat Ke Mubahis Zaroori (Hkm. Md. Kabiruddin)\1.jpg,D:\Idara_Bookstore\bulk_images\Kulliyat Ke Mubahis Zaroori (Hkm. Md. Kabiruddin)\2.jpg,D:\Idara_Bookstore\bulk_images\Kulliyat Ke Mubahis Zaroori (Hkm. Md. Kabiruddin)\4.jpg,
D:\Idara_Bookstore\bulk_images\Kulliyat MCQs (Dr. Saleem Akhtar)\1.jpg,D:\Idara_Bookstore\bulk_images\Kulliyat MCQs (Dr. Saleem Akhtar)\2.jpg,D:\Idara_Bookstore\bulk_images\Kulliyat MCQs (Dr. Saleem Akhtar)\3.jpg,D:\Idara_Bookstore\bulk_images\Kulliyat MCQs (Dr. Saleem Akhtar)\4.jpg
D:\Idara_Bookstore\bulk_images\Kulliyat-e-Advia (Hkm. Waseem Azmi)\1.jpg,D:\Idara_Bookstore\bulk_images\Kulliyat-e-Advia (Hkm. Waseem Azmi)\2.jpg,D:\Idara_Bookstore\bulk_images\Kulliyat-e-Advia (Hkm. Waseem Azmi)\3.jpg,D:\Idara_Bookstore\bulk_images\Kulliyat-e-Advia (Hkm. Waseem Azmi)\4.jpg
D:\Idara_Bookstore\bulk_images\Kulliyate Advia Eng (Hkm. Waseem Azmi)\1.jpg,D:\Idara_Bookstore\bulk_images\Kulliyate Advia Eng (Hkm. Waseem Azmi)\2.jpg,D:\Idara_Bookstore\bulk_images\Kulliyate Advia Eng (Hkm. Waseem Azmi)\3.jpg,D:\Idara_Bookstore\bulk_images\Kulliyate Advia Eng (Hkm. Waseem Azmi)\4.jpg
D:\Idara_Bookstore\bulk_images\Kulliyate Asri (Dr. Ishtiyaq Ahmad)\1.jpg,D:\Idara_Bookstore\bulk_images\Kulliyate Asri (Dr. Ishtiyaq Ahmad)\4.jpg,,
D:\Idara_Bookstore\bulk_images\Kulliyate Iqbal (Allama Md. Iqbal)\4.jpg,,,
D:\Idara_Bookstore\bulk_images\Kulliyate Tehqeqaat Vol.1-2 (Sabir Multani)\1.png,D:\Idara_Bookstore\bulk_images\Kulliyate Tehqeqaat Vol.1-2 (Sabir Multani)\2.png,D:\Idara_Bookstore\bulk_images\Kulliyate Tehqeqaat Vol.1-2 (Sabir Multani)\4.png,
D:\Idara_Bookstore\bulk_images\Kulliyate Umoore Tabaiyya (Hkm. Tashkeer Ahmad)\1.jpg,D:\Idara_Bookstore\bulk_images\Kulliyate Umoore Tabaiyya (Hkm. Tashkeer Ahmad)\2.jpg,D:\Idara_Bookstore\bulk_images\Kulliyate Umoore Tabaiyya (Hkm. Tashkeer Ahmad)\4.jpg,
D:\Idara_Bookstore\bulk_images\Laboratory Guide (Dr. Atiqur Rehman)\1.jpg,D:\Idara_Bookstore\bulk_images\Laboratory Guide (Dr. Atiqur Rehman)\2.jpg,D:\Idara_Bookstore\bulk_images\Laboratory Guide (Dr. Atiqur Rehman)\4.jpg,
D:\Idara_Bookstore\bulk_images\Lasani Lughat Advia (Pandit Thakur Dat Sharma)\1.jpg,D:\Idara_Bookstore\bulk_images\Lasani Lughat Advia (Pandit Thakur Dat Sharma)\2.jpg,D:\Idara_Bookstore\bulk_images\Lasani Lughat Advia (Pandit Thakur Dat Sharma)\4.jpg,
,,,
D:\Idara_Bookstore\bulk_images\Left Title\100 Khake.jpg,D:\Idara_Bookstore\bulk_images\Left Title\10000 Aqwal.jpg,D:\Idara_Bookstore\bulk_images\Left Title\2000 Aqwal.jpg,D:\Idara_Bookstore\bulk_images\Left Title\2000 Mehakte Ashar.jpg
D:\Idara_Bookstore\bulk_images\Lisanul Arabia (Dr. Abdul Quddus)\1.jpg,D:\Idara_Bookstore\bulk_images\Lisanul Arabia (Dr. Abdul Quddus)\2.jpg,D:\Idara_Bookstore\bulk_images\Lisanul Arabia (Dr. Abdul Quddus)\3.jpg,D:\Idara_Bookstore\bulk_images\Lisanul Arabia (Dr. Abdul Quddus)\4.jpg
,,,
D:\Idara_Bookstore\bulk_images\Luqmani Formulae (Abdul Wahid)\1.jpg,D:\Idara_Bookstore\bulk_images\Luqmani Formulae (Abdul Wahid)\2.jpg,D:\Idara_Bookstore\bulk_images\Luqmani Formulae (Abdul Wahid)\3.jpg,D:\Idara_Bookstore\bulk_images\Luqmani Formulae (Abdul Wahid)\4.jpg
D:\Idara_Bookstore\bulk_images\Luqmani Guide (Hkm. Peer Abdul Rahim)\1.jpg,D:\Idara_Bookstore\bulk_images\Luqmani Guide (Hkm. Peer Abdul Rahim)\2.jpg,D:\Idara_Bookstore\bulk_images\Luqmani Guide (Hkm. Peer Abdul Rahim)\3.jpg,D:\Idara_Bookstore\bulk_images\Luqmani Guide (Hkm. Peer Abdul Rahim)\4.jpg
D:\Idara_Bookstore\bulk_images\Madan Al Akseer Dar Ilme Kushtajaat (Hkm. Md. Firoozuddin)\1.jpg,D:\Idara_Bookstore\bulk_images\Madan Al Akseer Dar Ilme Kushtajaat (Hkm. Md. Firoozuddin)\2.jpg,D:\Idara_Bookstore\bulk_images\Madan Al Akseer Dar Ilme Kushtajaat (Hkm. Md. Firoozuddin)\4.jpg,
D:\Idara_Bookstore\bulk_images\Maheetul Amraz (Gulam Haider Khan)\1.jpg,D:\Idara_Bookstore\bulk_images\Maheetul Amraz (Gulam Haider Khan)\2.jpg,D:\Idara_Bookstore\bulk_images\Maheetul Amraz (Gulam Haider Khan)\3.jpg,D:\Idara_Bookstore\bulk_images\Maheetul Amraz (Gulam Haider Khan)\4.jpg
D:\Idara_Bookstore\bulk_images\Maheetul Amraz Nizami Urdu (Dr. Saba\1.jpg,D:\Idara_Bookstore\bulk_images\Maheetul Amraz Nizami Urdu (Dr. Saba\2.jpg,D:\Idara_Bookstore\bulk_images\Maheetul Amraz Nizami Urdu (Dr. Saba\3.jpg,D:\Idara_Bookstore\bulk_images\Maheetul Amraz Nizami Urdu (Dr. Saba\4.jpg
D:\Idara_Bookstore\bulk_images\Majalis Habibul Ummat (Dr. Idress Habban)\1.jpg,D:\Idara_Bookstore\bulk_images\Majalis Habibul Ummat (Dr. Idress Habban)\2.jpg,D:\Idara_Bookstore\bulk_images\Majalis Habibul Ummat (Dr. Idress Habban)\3.jpg,D:\Idara_Bookstore\bulk_images\Majalis Habibul Ummat (Dr. Idress Habban)\4.jpg
D:\Idara_Bookstore\bulk_images\Majmua Sawalat (Dr. Abdul Nasir Farooqi)\1.jpg,D:\Idara_Bookstore\bulk_images\Majmua Sawalat (Dr. Abdul Nasir Farooqi)\2.jpg,D:\Idara_Bookstore\bulk_images\Majmua Sawalat (Dr. Abdul Nasir Farooqi)\3.jpg,D:\Idara_Bookstore\bulk_images\Majmua Sawalat (Dr. Abdul Nasir Farooqi)\4.jpg
,,,
,,,
D:\Idara_Bookstore\bulk_images\Makhzane Hikmat Vol.1-2 (Dr. Gulam Jeelani)\1.1.jpg,D:\Idara_Bookstore\bulk_images\Makhzane Hikmat Vol.1-2 (Dr. Gulam Jeelani)\1.2.jpg,D:\Idara_Bookstore\bulk_images\Makhzane Hikmat Vol.1-2 (Dr. Gulam Jeelani)\1.4.jpg,D:\Idara_Bookstore\bulk_images\Makhzane Hikmat Vol.1-2 (Dr. Gulam Jeelani)\2.1.jpg
D:\Idara_Bookstore\bulk_images\Makhzanul Ilaj (Biyaze Jeelani) (Hkm. Gulam Jeelani)\1.jpg,D:\Idara_Bookstore\bulk_images\Makhzanul Ilaj (Biyaze Jeelani) (Hkm. Gulam Jeelani)\2.jpg,D:\Idara_Bookstore\bulk_images\Makhzanul Ilaj (Biyaze Jeelani) (Hkm. Gulam Jeelani)\4.jpg,
D:\Idara_Bookstore\bulk_images\Makhzanul Mufredat (Hkm. Mohd Kabiruddin)\1.jpg,D:\Idara_Bookstore\bulk_images\Makhzanul Mufredat (Hkm. Mohd Kabiruddin)\2.jpg,D:\Idara_Bookstore\bulk_images\Makhzanul Mufredat (Hkm. Mohd Kabiruddin)\3.jpg,D:\Idara_Bookstore\bulk_images\Makhzanul Mufredat (Hkm. Mohd Kabiruddin)\4.jpg
,,,
D:\Idara_Bookstore\bulk_images\Mamulate Matab (Mirza Abdul Noor Baig)\1.jpg,D:\Idara_Bookstore\bulk_images\Mamulate Matab (Mirza Abdul Noor Baig)\2.jpg,D:\Idara_Bookstore\bulk_images\Mamulate Matab (Mirza Abdul Noor Baig)\4.jpg,
D:\Idara_Bookstore\bulk_images\Maraj-ul-Bahrain (Dr. Syed Abdul Hameed)\1.jpg,D:\Idara_Bookstore\bulk_images\Maraj-ul-Bahrain (Dr. Syed Abdul Hameed)\2.jpg,D:\Idara_Bookstore\bulk_images\Maraj-ul-Bahrain (Dr. Syed Abdul Hameed)\3.jpg,D:\Idara_Bookstore\bulk_images\Maraj-ul-Bahrain (Dr. Syed Abdul Hameed)\4.jpg
D:\Idara_Bookstore\bulk_images\Mardana Bimari Unka Mujarrab Ilaj (Hkm. Tajuddin)\1.jpg,D:\Idara_Bookstore\bulk_images\Mardana Bimari Unka Mujarrab Ilaj (Hkm. Tajuddin)\2.jpg,D:\Idara_Bookstore\bulk_images\Mardana Bimari Unka Mujarrab Ilaj (Hkm. Tajuddin)\4.jpg,
,,,
D:\Idara_Bookstore\bulk_images\Masiyahe Tibb (Hkm. Bakir Khan)\1.jpg,D:\Idara_Bookstore\bulk_images\Masiyahe Tibb (Hkm. Bakir Khan)\2.jpg,D:\Idara_Bookstore\bulk_images\Masiyahe Tibb (Hkm. Bakir Khan)\4.jpg,
,,,
D:\Idara_Bookstore\bulk_images\Matab Hameed (Hkm. S. Shujauddin Hamdani)\1.jpg,D:\Idara_Bookstore\bulk_images\Matab Hameed (Hkm. S. Shujauddin Hamdani)\2.jpg,D:\Idara_Bookstore\bulk_images\Matab Hameed (Hkm. S. Shujauddin Hamdani)\4.jpg,
D:\Idara_Bookstore\bulk_images\Matab Nuskha Navesi (Hkm. Abdul Mannan)\1.jpg,D:\Idara_Bookstore\bulk_images\Matab Nuskha Navesi (Hkm. Abdul Mannan)\2.jpg,D:\Idara_Bookstore\bulk_images\Matab Nuskha Navesi (Hkm. Abdul Mannan)\4.jpg,
,,,
,,,
,,,
D:\Idara_Bookstore\bulk_images\Meezan Ul Tibb (Hkm. Md. Akbar Arzani)\1.jpg,D:\Idara_Bookstore\bulk_images\Meezan Ul Tibb (Hkm. Md. Akbar Arzani)\2.jpg,D:\Idara_Bookstore\bulk_images\Meezan Ul Tibb (Hkm. Md. Akbar Arzani)\4.jpg,
D:\Idara_Bookstore\bulk_images\Microbiology (Dr. Saba\1.jpg,D:\Idara_Bookstore\bulk_images\Microbiology (Dr. Saba\2.jpg,D:\Idara_Bookstore\bulk_images\Microbiology (Dr. Saba\3.jpg,D:\Idara_Bookstore\bulk_images\Microbiology (Dr. Saba\4.jpg
D:\Idara_Bookstore\bulk_images\Miftahul Khazain (Hkm. Karim Bakash)\1.jpg,D:\Idara_Bookstore\bulk_images\Miftahul Khazain (Hkm. Karim Bakash)\2.jpg,D:\Idara_Bookstore\bulk_images\Miftahul Khazain (Hkm. Karim Bakash)\4.jpg,
D:\Idara_Bookstore\bulk_images\Minhaz Ul Saidla Wa Alkimia (Hkm. Rafeequddin\1.jpg,D:\Idara_Bookstore\bulk_images\Minhaz Ul Saidla Wa Alkimia (Hkm. Rafeequddin\2.jpg,D:\Idara_Bookstore\bulk_images\Minhaz Ul Saidla Wa Alkimia (Hkm. Rafeequddin\4.jpg,
D:\Idara_Bookstore\bulk_images\Misbah-ul-Advia (Kulliyate Advia) (Dr. Abdus Samad)\1.jpg,D:\Idara_Bookstore\bulk_images\Misbah-ul-Advia (Kulliyate Advia) (Dr. Abdus Samad)\2.jpg,D:\Idara_Bookstore\bulk_images\Misbah-ul-Advia (Kulliyate Advia) (Dr. Abdus Samad)\3.jpg,D:\Idara_Bookstore\bulk_images\Misbah-ul-Advia (Kulliyate Advia) (Dr. Abdus Samad)\4.jpg
D:\Idara_Bookstore\bulk_images\Misbahul Hikmat Vol.1-2 (Hkm. Firoozuddin Lahori Lahori)\1.1.jpg,D:\Idara_Bookstore\bulk_images\Misbahul Hikmat Vol.1-2 (Hkm. Firoozuddin Lahori Lahori)\1.2.jpg,D:\Idara_Bookstore\bulk_images\Misbahul Hikmat Vol.1-2 (Hkm. Firoozuddin Lahori Lahori)\1.4.jpg,D:\Idara_Bookstore\bulk_images\Misbahul Hikmat Vol.1-2 (Hkm. Firoozuddin Lahori Lahori)\2.1.jpg
D:\Idara_Bookstore\bulk_images\Mizaj Ki Shanakht (Hkm. Abu Bakar Zikariya Razi)\1.jpg,D:\Idara_Bookstore\bulk_images\Mizaj Ki Shanakht (Hkm. Abu Bakar Zikariya Razi)\2.jpg,D:\Idara_Bookstore\bulk_images\Mizaj Ki Shanakht (Hkm. Abu Bakar Zikariya Razi)\3.jpg,D:\Idara_Bookstore\bulk_images\Mizaj Ki Shanakht (Hkm. Abu Bakar Zikariya Razi)\4.jpg
D:\Idara_Bookstore\bulk_images\Moalijae Nafsiyaat (Dr. Jaleel Ahmad)\1.jpg,D:\Idara_Bookstore\bulk_images\Moalijae Nafsiyaat (Dr. Jaleel Ahmad)\2.jpg,D:\Idara_Bookstore\bulk_images\Moalijae Nafsiyaat (Dr. Jaleel Ahmad)\3.jpg,D:\Idara_Bookstore\bulk_images\Moalijae Nafsiyaat (Dr. Jaleel Ahmad)\4.jpg
D:\Idara_Bookstore\bulk_images\Moalijat Amraz E Maida (Hkm. Imamuddin)\1.jpg,D:\Idara_Bookstore\bulk_images\Moalijat Amraz E Maida (Hkm. Imamuddin)\2.jpg,D:\Idara_Bookstore\bulk_images\Moalijat Amraz E Maida (Hkm. Imamuddin)\3.jpg,D:\Idara_Bookstore\bulk_images\Moalijat Amraz E Maida (Hkm. Imamuddin)\4.jpg
D:\Idara_Bookstore\bulk_images\Moalijat Amraz Qalb Wa Ria (Dr. Md. Irfan)\1.jpg,D:\Idara_Bookstore\bulk_images\Moalijat Amraz Qalb Wa Ria (Dr. Md. Irfan)\2.jpg,D:\Idara_Bookstore\bulk_images\Moalijat Amraz Qalb Wa Ria (Dr. Md. Irfan)\4.jpg,
D:\Idara_Bookstore\bulk_images\Moalijat Amraz Shaar (Dr. Abdul Nasir)\1.jpg,D:\Idara_Bookstore\bulk_images\Moalijat Amraz Shaar (Dr. Abdul Nasir)\2.jpg,D:\Idara_Bookstore\bulk_images\Moalijat Amraz Shaar (Dr. Abdul Nasir)\3.jpg,D:\Idara_Bookstore\bulk_images\Moalijat Amraz Shaar (Dr. Abdul Nasir)\4.jpg
D:\Idara_Bookstore\bulk_images\Moalijat Amraze Nizame Hazam (Hkm. Abdul Mannan)\4.jpg,,,
D:\Idara_Bookstore\bulk_images\Moalijat Amraze Nizame Tanaffus (Hkm. Abdul Mannan)\4.jpg,,,
D:\Idara_Bookstore\bulk_images\Moalijat Jild (Dr. Zameer Ahmad)\4.jpg,,,
D:\Idara_Bookstore\bulk_images\Moalijat Ke Maroozi Sawalat (Hkm. Syed Fazlur Rehman)\1.jpg,D:\Idara_Bookstore\bulk_images\Moalijat Ke Maroozi Sawalat (Hkm. Syed Fazlur Rehman)\2.jpg,D:\Idara_Bookstore\bulk_images\Moalijat Ke Maroozi Sawalat (Hkm. Syed Fazlur Rehman)\3.jpg,D:\Idara_Bookstore\bulk_images\Moalijat Ke Maroozi Sawalat (Hkm. Syed Fazlur Rehman)\4.jpg
,,,
D:\Idara_Bookstore\bulk_images\Moalijat Maida Wa Jigar (Mohd. Idress Habban)\1.jpg,D:\Idara_Bookstore\bulk_images\Moalijat Maida Wa Jigar (Mohd. Idress Habban)\2.jpg,D:\Idara_Bookstore\bulk_images\Moalijat Maida Wa Jigar (Mohd. Idress Habban)\3.jpg,D:\Idara_Bookstore\bulk_images\Moalijat Maida Wa Jigar (Mohd. Idress Habban)\4.jpg
D:\Idara_Bookstore\bulk_images\Moalijat MCQs (Dr. Saleem Akhtar)\1.jpg,D:\Idara_Bookstore\bulk_images\Moalijat MCQs (Dr. Saleem Akhtar)\2.jpg,D:\Idara_Bookstore\bulk_images\Moalijat MCQs (Dr. Saleem Akhtar)\3.jpg,D:\Idara_Bookstore\bulk_images\Moalijat MCQs (Dr. Saleem Akhtar)\4.jpg
D:\Idara_Bookstore\bulk_images\Moalijat Nabvi Vol.1-4 (Hkm. Tariq Mehmood Chugtai)\1.jpg,D:\Idara_Bookstore\bulk_images\Moalijat Nabvi Vol.1-4 (Hkm. Tariq Mehmood Chugtai)\2.jpg,D:\Idara_Bookstore\bulk_images\Moalijat Nabvi Vol.1-4 (Hkm. Tariq Mehmood Chugtai)\3.jpg,D:\Idara_Bookstore\bulk_images\Moalijat Nabvi Vol.1-4 (Hkm. Tariq Mehmood Chugtai)\4.jpg
D:\Idara_Bookstore\bulk_images\Moalijat Nafeesi (Allauddin Qarshi Translation - Abid Hussain)\1.jpg,D:\Idara_Bookstore\bulk_images\Moalijat Nafeesi (Allauddin Qarshi Translation - Abid Hussain)\2.jpg,D:\Idara_Bookstore\bulk_images\Moalijat Nafeesi (Allauddin Qarshi Translation - Abid Hussain)\3.jpg,D:\Idara_Bookstore\bulk_images\Moalijat Nafeesi (Allauddin Qarshi Translation - Abid Hussain)\4.jpg
D:\Idara_Bookstore\bulk_images\Moalijat Nizame Hazam (Dr. Anwar)\1.jpg,D:\Idara_Bookstore\bulk_images\Moalijat Nizame Hazam (Dr. Anwar)\2.jpg,D:\Idara_Bookstore\bulk_images\Moalijat Nizame Hazam (Dr. Anwar)\4.jpg,
D:\Idara_Bookstore\bulk_images\Moalijat Qalb Wa Dooran E Khoon (Mannan)\4.jpg,,,
D:\Idara_Bookstore\bulk_images\Moalijat Shara Asbab (Hkm. Kabiruddin)\1.jpg,D:\Idara_Bookstore\bulk_images\Moalijat Shara Asbab (Hkm. Kabiruddin)\2.jpg,D:\Idara_Bookstore\bulk_images\Moalijat Shara Asbab (Hkm. Kabiruddin)\3.jpg,D:\Idara_Bookstore\bulk_images\Moalijat Shara Asbab (Hkm. Kabiruddin)\4.jpg
D:\Idara_Bookstore\bulk_images\Moalijat-e-Hummiyat (Hkm. Syed Ali Haider Jafri)\1.jpg,D:\Idara_Bookstore\bulk_images\Moalijat-e-Hummiyat (Hkm. Syed Ali Haider Jafri)\2.jpg,D:\Idara_Bookstore\bulk_images\Moalijat-e-Hummiyat (Hkm. Syed Ali Haider Jafri)\3.jpg,D:\Idara_Bookstore\bulk_images\Moalijat-e-Hummiyat (Hkm. Syed Ali Haider Jafri)\4.jpg
D:\Idara_Bookstore\bulk_images\Moalijat-e-Hummiyat (Hkm. Zia Baig)\1.jpg,D:\Idara_Bookstore\bulk_images\Moalijat-e-Hummiyat (Hkm. Zia Baig)\2.jpg,D:\Idara_Bookstore\bulk_images\Moalijat-e-Hummiyat (Hkm. Zia Baig)\4.jpg,
"D:\Idara_Bookstore\bulk_images\Moalijate Amraz Asbi, Ras Wa Nafsiyaat (Hkm. Zia Baig)\1.jpg","D:\Idara_Bookstore\bulk_images\Moalijate Amraz Asbi, Ras Wa Nafsiyaat (Hkm. Zia Baig)\2.jpg","D:\Idara_Bookstore\bulk_images\Moalijate Amraz Asbi, Ras Wa Nafsiyaat (Hkm. Zia Baig)\4.jpg",
,,,
D:\Idara_Bookstore\bulk_images\Mojzul Qanoon (Hkm. Khawaja Rizwan Ahmad)\1.jpg,D:\Idara_Bookstore\bulk_images\Mojzul Qanoon (Hkm. Khawaja Rizwan Ahmad)\2.jpg,D:\Idara_Bookstore\bulk_images\Mojzul Qanoon (Hkm. Khawaja Rizwan Ahmad)\4.jpg,
,,,
,,,
D:\Idara_Bookstore\bulk_images\Mubadi Tibb Par Ek Tehqeqi Nazar (Hkm. Altaf Ahmad Azmi)\1.jpg,D:\Idara_Bookstore\bulk_images\Mubadi Tibb Par Ek Tehqeqi Nazar (Hkm. Altaf Ahmad Azmi)\2.jpg,D:\Idara_Bookstore\bulk_images\Mubadi Tibb Par Ek Tehqeqi Nazar (Hkm. Altaf Ahmad Azmi)\4.jpg,
D:\Idara_Bookstore\bulk_images\Mubadiyate Mantiq Wa Falsafa (Hkm. Taskheer Ahmad)\1.jpg,D:\Idara_Bookstore\bulk_images\Mubadiyate Mantiq Wa Falsafa (Hkm. Taskheer Ahmad)\2.jpg,D:\Idara_Bookstore\bulk_images\Mubadiyate Mantiq Wa Falsafa (Hkm. Taskheer Ahmad)\3.jpg,D:\Idara_Bookstore\bulk_images\Mubadiyate Mantiq Wa Falsafa (Hkm. Taskheer Ahmad)\4.jpg
D:\Idara_Bookstore\bulk_images\Mufeedul Ajsaam (Dr. Fazal Ali)\1.jpg,D:\Idara_Bookstore\bulk_images\Mufeedul Ajsaam (Dr. Fazal Ali)\2.jpg,D:\Idara_Bookstore\bulk_images\Mufeedul Ajsaam (Dr. Fazal Ali)\4.jpg,
D:\Idara_Bookstore\bulk_images\Mufredat Azeezi (Hkm. Abdul Aziz)\4.jpg,,,
,,,
,,,
,,,
D:\Idara_Bookstore\bulk_images\Mujarrebat Israre Hikmat (Hkm. Nood Md. Chauhan)\1.jpg,D:\Idara_Bookstore\bulk_images\Mujarrebat Israre Hikmat (Hkm. Nood Md. Chauhan)\2.jpg,D:\Idara_Bookstore\bulk_images\Mujarrebat Israre Hikmat (Hkm. Nood Md. Chauhan)\4.jpg,
D:\Idara_Bookstore\bulk_images\Mujarrebat Jeelani (Hkm. Gulam Jeelani Amritsari)\1.jpg,D:\Idara_Bookstore\bulk_images\Mujarrebat Jeelani (Hkm. Gulam Jeelani Amritsari)\2.jpg,D:\Idara_Bookstore\bulk_images\Mujarrebat Jeelani (Hkm. Gulam Jeelani Amritsari)\4.jpg,
D:\Idara_Bookstore\bulk_images\Mujarrebat Razai (Raza Hasan)\1.jpg,D:\Idara_Bookstore\bulk_images\Mujarrebat Razai (Raza Hasan)\2.jpg,D:\Idara_Bookstore\bulk_images\Mujarrebat Razai (Raza Hasan)\4.jpg,
D:\Idara_Bookstore\bulk_images\Mujarrebat Sultani (Hkm. Maulvi Md. Yaar Khan)\1.jpg,D:\Idara_Bookstore\bulk_images\Mujarrebat Sultani (Hkm. Maulvi Md. Yaar Khan)\2.jpg,D:\Idara_Bookstore\bulk_images\Mujarrebat Sultani (Hkm. Maulvi Md. Yaar Khan)\4.jpg,
D:\Idara_Bookstore\bulk_images\Mujrebat Bo Ali Sena (Hkm. Bo Ali Sena)\1.jpg,D:\Idara_Bookstore\bulk_images\Mujrebat Bo Ali Sena (Hkm. Bo Ali Sena)\2.jpg,D:\Idara_Bookstore\bulk_images\Mujrebat Bo Ali Sena (Hkm. Bo Ali Sena)\4.jpg,
D:\Idara_Bookstore\bulk_images\Mujrebate Luqmani (Hkm. Abdul Raheem)\1.jpg,D:\Idara_Bookstore\bulk_images\Mujrebate Luqmani (Hkm. Abdul Raheem)\2.jpg,D:\Idara_Bookstore\bulk_images\Mujrebate Luqmani (Hkm. Abdul Raheem)\3.jpg,D:\Idara_Bookstore\bulk_images\Mujrebate Luqmani (Hkm. Abdul Raheem)\4.jpg
D:\Idara_Bookstore\bulk_images\Mukhtasar Tibbi Sawalat Wa Jawabat (Imamuddin)\1.jpg,D:\Idara_Bookstore\bulk_images\Mukhtasar Tibbi Sawalat Wa Jawabat (Imamuddin)\2.jpg,D:\Idara_Bookstore\bulk_images\Mukhtasar Tibbi Sawalat Wa Jawabat (Imamuddin)\4.jpg,
D:\Idara_Bookstore\bulk_images\Mulkhas Fasool Buqratia (Hkm. Gulam Hasnain Kantori)\1.jpg,D:\Idara_Bookstore\bulk_images\Mulkhas Fasool Buqratia (Hkm. Gulam Hasnain Kantori)\2.jpg,D:\Idara_Bookstore\bulk_images\Mulkhas Fasool Buqratia (Hkm. Gulam Hasnain Kantori)\4.jpg,
D:\Idara_Bookstore\bulk_images\Munafe Ul Aza MCQs (Dr. Zubair Ansari)\1.jpg,D:\Idara_Bookstore\bulk_images\Munafe Ul Aza MCQs (Dr. Zubair Ansari)\2.jpg,D:\Idara_Bookstore\bulk_images\Munafe Ul Aza MCQs (Dr. Zubair Ansari)\4.jpg,
D:\Idara_Bookstore\bulk_images\Munafeul Aza (Physiology) (Hkm. Mohd Yusuf Ansari)\1.jpg,D:\Idara_Bookstore\bulk_images\Munafeul Aza (Physiology) (Hkm. Mohd Yusuf Ansari)\2.jpg,D:\Idara_Bookstore\bulk_images\Munafeul Aza (Physiology) (Hkm. Mohd Yusuf Ansari)\4.jpg,
D:\Idara_Bookstore\bulk_images\Munafeul Aza ke Sawal Wa Jawab (Dr. Danish Jafar)\1.jpg,D:\Idara_Bookstore\bulk_images\Munafeul Aza ke Sawal Wa Jawab (Dr. Danish Jafar)\2.jpg,D:\Idara_Bookstore\bulk_images\Munafeul Aza ke Sawal Wa Jawab (Dr. Danish Jafar)\4.jpg,
D:\Idara_Bookstore\bulk_images\Munaful Mufredat (Hkm. Mohd Yusuf Ansari)\1.jpg,D:\Idara_Bookstore\bulk_images\Munaful Mufredat (Hkm. Mohd Yusuf Ansari)\2.jpg,D:\Idara_Bookstore\bulk_images\Munaful Mufredat (Hkm. Mohd Yusuf Ansari)\4.jpg,
D:\Idara_Bookstore\bulk_images\Muqadma Ilmul Advia (Hkm. Ahtysham Ul Haque)\1.jpg,D:\Idara_Bookstore\bulk_images\Muqadma Ilmul Advia (Hkm. Ahtysham Ul Haque)\2.jpg,D:\Idara_Bookstore\bulk_images\Muqadma Ilmul Advia (Hkm. Ahtysham Ul Haque)\3.jpg,D:\Idara_Bookstore\bulk_images\Muqadma Ilmul Advia (Hkm. Ahtysham Ul Haque)\4.jpg
,,,
D:\Idara_Bookstore\bulk_images\Murakkabat E Advia Vol.1-2 (Hkm. Wasim Azmi)\1.1.jpg,D:\Idara_Bookstore\bulk_images\Murakkabat E Advia Vol.1-2 (Hkm. Wasim Azmi)\1.2.jpg,D:\Idara_Bookstore\bulk_images\Murakkabat E Advia Vol.1-2 (Hkm. Wasim Azmi)\1.3.jpg,D:\Idara_Bookstore\bulk_images\Murakkabat E Advia Vol.1-2 (Hkm. Wasim Azmi)\1.4.jpg
D:\Idara_Bookstore\bulk_images\Murakkabat Ziai (Dr. Aslam Khan)\1.jpg,D:\Idara_Bookstore\bulk_images\Murakkabat Ziai (Dr. Aslam Khan)\2.jpg,D:\Idara_Bookstore\bulk_images\Murakkabat Ziai (Dr. Aslam Khan)\3.jpg,D:\Idara_Bookstore\bulk_images\Murakkabat Ziai (Dr. Aslam Khan)\4.jpg
,,,
D:\Idara_Bookstore\bulk_images\Mustanad Ilaj Qurani (Shaikh Ahmed Bin Mehmood)\1.jpg,D:\Idara_Bookstore\bulk_images\Mustanad Ilaj Qurani (Shaikh Ahmed Bin Mehmood)\2.jpg,D:\Idara_Bookstore\bulk_images\Mustanad Ilaj Qurani (Shaikh Ahmed Bin Mehmood)\3.jpg,D:\Idara_Bookstore\bulk_images\Mustanad Ilaj Qurani (Shaikh Ahmed Bin Mehmood)\4.jpg
D:\Idara_Bookstore\bulk_images\Mutadi Wa Wabai Amraz (Dr. Abdul Mubeen Khan)\1.jpg,D:\Idara_Bookstore\bulk_images\Mutadi Wa Wabai Amraz (Dr. Abdul Mubeen Khan)\2.jpg,D:\Idara_Bookstore\bulk_images\Mutadi Wa Wabai Amraz (Dr. Abdul Mubeen Khan)\4.jpg,
D:\Idara_Bookstore\bulk_images\Naak Kaan Aur Galy Ki Bimariya (Hkm. Mugiz Anjum)\1.jpg,D:\Idara_Bookstore\bulk_images\Naak Kaan Aur Galy Ki Bimariya (Hkm. Mugiz Anjum)\2.jpg,D:\Idara_Bookstore\bulk_images\Naak Kaan Aur Galy Ki Bimariya (Hkm. Mugiz Anjum)\4.jpg,
D:\Idara_Bookstore\bulk_images\Nabz Wa Qaroora (Hkm. Mansoor Ahmad)\1.jpg,D:\Idara_Bookstore\bulk_images\Nabz Wa Qaroora (Hkm. Mansoor Ahmad)\2.jpg,D:\Idara_Bookstore\bulk_images\Nabz Wa Qaroora (Hkm. Mansoor Ahmad)\4.jpg,
D:\Idara_Bookstore\bulk_images\Nai Jawani (Hkm. Krishan Kuwar Dat Sharma)\4.jpg,,,
D:\Idara_Bookstore\bulk_images\Naqush Ka Rasool Number (???)\1.jpg,D:\Idara_Bookstore\bulk_images\Naqush Ka Rasool Number (???)\4 - Copy.jpg,D:\Idara_Bookstore\bulk_images\Naqush Ka Rasool Number (???)\4.jpg,
,,,
D:\Idara_Bookstore\bulk_images\Neck Pain (Cervical Spondylosis) (Dr. Mohammad Tausif)\1.jpg,D:\Idara_Bookstore\bulk_images\Neck Pain (Cervical Spondylosis) (Dr. Mohammad Tausif)\2.jpg,D:\Idara_Bookstore\bulk_images\Neck Pain (Cervical Spondylosis) (Dr. Mohammad Tausif)\3.jpg,D:\Idara_Bookstore\bulk_images\Neck Pain (Cervical Spondylosis) (Dr. Mohammad Tausif)\4.jpg
D:\Idara_Bookstore\bulk_images\NFUM (CCRUM)\4.1.jpg,,,
,,,
D:\Idara_Bookstore\bulk_images\Pathological Test & Laboratory Works (Hkm. Majeed Ahmad Narvi)\1.jpg,D:\Idara_Bookstore\bulk_images\Pathological Test & Laboratory Works (Hkm. Majeed Ahmad Narvi)\2.jpg,D:\Idara_Bookstore\bulk_images\Pathological Test & Laboratory Works (Hkm. Majeed Ahmad Narvi)\4.jpg,
D:\Idara_Bookstore\bulk_images\Perfect Usoole Tibb (Dr. Md. Akmal)\1.jpg,D:\Idara_Bookstore\bulk_images\Perfect Usoole Tibb (Dr. Md. Akmal)\2.jpg,D:\Idara_Bookstore\bulk_images\Perfect Usoole Tibb (Dr. Md. Akmal)\3.jpg,D:\Idara_Bookstore\bulk_images\Perfect Usoole Tibb (Dr. Md. Akmal)\4.jpg
,,,
D:\Idara_Bookstore\bulk_images\Pharmacology (Hkm. Md. Yusuf Ansari)\1.jpg,D:\Idara_Bookstore\bulk_images\Pharmacology (Hkm. Md. Yusuf Ansari)\2.jpg,D:\Idara_Bookstore\bulk_images\Pharmacology (Hkm. Md. Yusuf Ansari)\3.jpg,D:\Idara_Bookstore\bulk_images\Pharmacology (Hkm. Md. Yusuf Ansari)\4.jpg
D:\Idara_Bookstore\bulk_images\Practice of Allopethic (Dr. Kamruz Zama)\1.jpg,D:\Idara_Bookstore\bulk_images\Practice of Allopethic (Dr. Kamruz Zama)\2.jpg,D:\Idara_Bookstore\bulk_images\Practice of Allopethic (Dr. Kamruz Zama)\3.jpg,D:\Idara_Bookstore\bulk_images\Practice of Allopethic (Dr. Kamruz Zama)\4.jpg
D:\Idara_Bookstore\bulk_images\Prime Subjectwise MCQs (Dr. Zubair Ansari)\1.jpg,D:\Idara_Bookstore\bulk_images\Prime Subjectwise MCQs (Dr. Zubair Ansari)\2.jpg,D:\Idara_Bookstore\bulk_images\Prime Subjectwise MCQs (Dr. Zubair Ansari)\3.jpg,D:\Idara_Bookstore\bulk_images\Prime Subjectwise MCQs (Dr. Zubair Ansari)\4.jpg
D:\Idara_Bookstore\bulk_images\Qabaliyaat (Hkm. Md. Abbas Rizwi)\4.jpg,,,
D:\Idara_Bookstore\bulk_images\Qadeem Ilmul Amraz (Hkm. Imamuddin Zakai)\1.jpg,D:\Idara_Bookstore\bulk_images\Qadeem Ilmul Amraz (Hkm. Imamuddin Zakai)\2.jpg,D:\Idara_Bookstore\bulk_images\Qadeem Ilmul Amraz (Hkm. Imamuddin Zakai)\3.jpg,D:\Idara_Bookstore\bulk_images\Qadeem Ilmul Amraz (Hkm. Imamuddin Zakai)\4.jpg
D:\Idara_Bookstore\bulk_images\Qaleed-e-Murakkabat (Dr. Mohd Shafique Khan)\1.jpg,D:\Idara_Bookstore\bulk_images\Qaleed-e-Murakkabat (Dr. Mohd Shafique Khan)\2.jpg,D:\Idara_Bookstore\bulk_images\Qaleed-e-Murakkabat (Dr. Mohd Shafique Khan)\4.jpg,
D:\Idara_Bookstore\bulk_images\Qalmi Nuskha (Ziaul Haq Hassamuddin)\1.jpg,D:\Idara_Bookstore\bulk_images\Qalmi Nuskha (Ziaul Haq Hassamuddin)\2.jpg,D:\Idara_Bookstore\bulk_images\Qalmi Nuskha (Ziaul Haq Hassamuddin)\4.jpg,
,,,
,,,
,,,
D:\Idara_Bookstore\bulk_images\Qarabadeen Jadeed (Hkm. Abdul Hafiz)\1.jpg,D:\Idara_Bookstore\bulk_images\Qarabadeen Jadeed (Hkm. Abdul Hafiz)\2.jpg,D:\Idara_Bookstore\bulk_images\Qarabadeen Jadeed (Hkm. Abdul Hafiz)\4.jpg,
D:\Idara_Bookstore\bulk_images\Qarabadeen Kabir (Hkm. Hadi Hasan Khan)\1.1.jpg,D:\Idara_Bookstore\bulk_images\Qarabadeen Kabir (Hkm. Hadi Hasan Khan)\1.2.jpg,D:\Idara_Bookstore\bulk_images\Qarabadeen Kabir (Hkm. Hadi Hasan Khan)\1.4.jpg,D:\Idara_Bookstore\bulk_images\Qarabadeen Kabir (Hkm. Hadi Hasan Khan)\2.1.jpg
D:\Idara_Bookstore\bulk_images\Qarabadeen Sarkari (Govt. of India)\1.jpg,D:\Idara_Bookstore\bulk_images\Qarabadeen Sarkari (Govt. of India)\2.jpg,,
D:\Idara_Bookstore\bulk_images\Qarabadeen-e-Azam (Hkm. Md. Azam Khan)\1.jpg,D:\Idara_Bookstore\bulk_images\Qarabadeen-e-Azam (Hkm. Md. Azam Khan)\2.jpg,D:\Idara_Bookstore\bulk_images\Qarabadeen-e-Azam (Hkm. Md. Azam Khan)\4.jpg,
D:\Idara_Bookstore\bulk_images\Qarabadeen-e-Najmul Gani (Hkm. Najmul Gani)\1.jpg,D:\Idara_Bookstore\bulk_images\Qarabadeen-e-Najmul Gani (Hkm. Najmul Gani)\2.jpg,D:\Idara_Bookstore\bulk_images\Qarabadeen-e-Najmul Gani (Hkm. Najmul Gani)\3.jpg,D:\Idara_Bookstore\bulk_images\Qarabadeen-e-Najmul Gani (Hkm. Najmul Gani)\4.jpg
,,,
D:\Idara_Bookstore\bulk_images\Qarabadeene Jalali (Hkm. Jalaluddin Amrohvi)\1.jpg,D:\Idara_Bookstore\bulk_images\Qarabadeene Jalali (Hkm. Jalaluddin Amrohvi)\2.jpg,D:\Idara_Bookstore\bulk_images\Qarabadeene Jalali (Hkm. Jalaluddin Amrohvi)\4.jpg,
D:\Idara_Bookstore\bulk_images\Qarabdeen-e-Majeedi (Hamdard)\1.jpg,D:\Idara_Bookstore\bulk_images\Qarabdeen-e-Majeedi (Hamdard)\2.jpg,D:\Idara_Bookstore\bulk_images\Qarabdeen-e-Majeedi (Hamdard)\4.jpg,
D:\Idara_Bookstore\bulk_images\Qawaneen-e-Advia (Kulliyate Advia) (Hkm. Ayub Ali Qasmi)\1.jpg,D:\Idara_Bookstore\bulk_images\Qawaneen-e-Advia (Kulliyate Advia) (Hkm. Ayub Ali Qasmi)\2.jpg,D:\Idara_Bookstore\bulk_images\Qawaneen-e-Advia (Kulliyate Advia) (Hkm. Ayub Ali Qasmi)\4.jpg,
,,,
D:\Idara_Bookstore\bulk_images\Ramooze Atibba Vol.1-2 (Hkm. Firozuddin)\1.1.jpg,D:\Idara_Bookstore\bulk_images\Ramooze Atibba Vol.1-2 (Hkm. Firozuddin)\1.2.jpg,D:\Idara_Bookstore\bulk_images\Ramooze Atibba Vol.1-2 (Hkm. Firozuddin)\1.4.jpg,D:\Idara_Bookstore\bulk_images\Ramooze Atibba Vol.1-2 (Hkm. Firozuddin)\2.1.jpg
D:\Idara_Bookstore\bulk_images\Regimental Therapies {Ilaj Bil Tadbeer} (Dr. Izharul Hassan)\1.jpg,D:\Idara_Bookstore\bulk_images\Regimental Therapies {Ilaj Bil Tadbeer} (Dr. Izharul Hassan)\2.jpg,D:\Idara_Bookstore\bulk_images\Regimental Therapies {Ilaj Bil Tadbeer} (Dr. Izharul Hassan)\3.jpg,D:\Idara_Bookstore\bulk_images\Regimental Therapies {Ilaj Bil Tadbeer} (Dr. Izharul Hassan)\4.jpg
D:\Idara_Bookstore\bulk_images\Rehbar E Tashkeesh (Dr. Mohd. Yusuf Ansari)\1.jpg,D:\Idara_Bookstore\bulk_images\Rehbar E Tashkeesh (Dr. Mohd. Yusuf Ansari)\2.jpg,D:\Idara_Bookstore\bulk_images\Rehbar E Tashkeesh (Dr. Mohd. Yusuf Ansari)\3.jpg,D:\Idara_Bookstore\bulk_images\Rehbar E Tashkeesh (Dr. Mohd. Yusuf Ansari)\4.jpg
D:\Idara_Bookstore\bulk_images\Rehbar Jild (Dr. Shoaib)\1.jpg,D:\Idara_Bookstore\bulk_images\Rehbar Jild (Dr. Shoaib)\2.jpg,D:\Idara_Bookstore\bulk_images\Rehbar Jild (Dr. Shoaib)\3.jpg,D:\Idara_Bookstore\bulk_images\Rehbar Jild (Dr. Shoaib)\4.jpg
D:\Idara_Bookstore\bulk_images\Rehbar Kulliyate Advia (Syed Afzal Hussain)\1.jpg,D:\Idara_Bookstore\bulk_images\Rehbar Kulliyate Advia (Syed Afzal Hussain)\2.jpg,D:\Idara_Bookstore\bulk_images\Rehbar Kulliyate Advia (Syed Afzal Hussain)\3.jpg,D:\Idara_Bookstore\bulk_images\Rehbar Kulliyate Advia (Syed Afzal Hussain)\4.jpg
D:\Idara_Bookstore\bulk_images\Rehbar Kulliyate Umoore Tabaiyya (Syed Afzal Hussain)\1.jpg,D:\Idara_Bookstore\bulk_images\Rehbar Kulliyate Umoore Tabaiyya (Syed Afzal Hussain)\2.jpg,D:\Idara_Bookstore\bulk_images\Rehbar Kulliyate Umoore Tabaiyya (Syed Afzal Hussain)\3.jpg,D:\Idara_Bookstore\bulk_images\Rehbar Kulliyate Umoore Tabaiyya (Syed Afzal Hussain)\4.jpg
D:\Idara_Bookstore\bulk_images\Rehbar Mantiq Wa Falsafa (Syed Afzal Hussain)\1.jpg,D:\Idara_Bookstore\bulk_images\Rehbar Mantiq Wa Falsafa (Syed Afzal Hussain)\2.jpg,D:\Idara_Bookstore\bulk_images\Rehbar Mantiq Wa Falsafa (Syed Afzal Hussain)\3.jpg,D:\Idara_Bookstore\bulk_images\Rehbar Mantiq Wa Falsafa (Syed Afzal Hussain)\4.jpg
D:\Idara_Bookstore\bulk_images\Rehbar Usoole Ilaj Wa Nuskha Navesi (Syed Afzal Hussain)\1.jpg,D:\Idara_Bookstore\bulk_images\Rehbar Usoole Ilaj Wa Nuskha Navesi (Syed Afzal Hussain)\2.jpg,D:\Idara_Bookstore\bulk_images\Rehbar Usoole Ilaj Wa Nuskha Navesi (Syed Afzal Hussain)\3.jpg,D:\Idara_Bookstore\bulk_images\Rehbar Usoole Ilaj Wa Nuskha Navesi (Syed Afzal Hussain)\4.jpg
,,,
D:\Idara_Bookstore\bulk_images\Rehbare Moalijat (Dr. Mohd Shamim)\1.jpg,D:\Idara_Bookstore\bulk_images\Rehbare Moalijat (Dr. Mohd Shamim)\2.jpg,D:\Idara_Bookstore\bulk_images\Rehbare Moalijat (Dr. Mohd Shamim)\3.jpg,D:\Idara_Bookstore\bulk_images\Rehbare Moalijat (Dr. Mohd Shamim)\4.jpg
D:\Idara_Bookstore\bulk_images\Rehnuma-e-Advia (Dr. Zubair Ansari)\1.jpg,D:\Idara_Bookstore\bulk_images\Rehnuma-e-Advia (Dr. Zubair Ansari)\2.jpg,D:\Idara_Bookstore\bulk_images\Rehnuma-e-Advia (Dr. Zubair Ansari)\4.jpg,
D:\Idara_Bookstore\bulk_images\Rehnumae Akakir Vol.1-2 (Hkm. Gulam Mohiuddin)\1.1.jpg,D:\Idara_Bookstore\bulk_images\Rehnumae Akakir Vol.1-2 (Hkm. Gulam Mohiuddin)\1.2.jpg,D:\Idara_Bookstore\bulk_images\Rehnumae Akakir Vol.1-2 (Hkm. Gulam Mohiuddin)\1.4.jpg,D:\Idara_Bookstore\bulk_images\Rehnumae Akakir Vol.1-2 (Hkm. Gulam Mohiuddin)\2.1.jpg
D:\Idara_Bookstore\bulk_images\Rehnumae Mamool (Hkm. Wamiq Ameen)\1.jpg,D:\Idara_Bookstore\bulk_images\Rehnumae Mamool (Hkm. Wamiq Ameen)\2.jpg,D:\Idara_Bookstore\bulk_images\Rehnumae Mamool (Hkm. Wamiq Ameen)\4.jpg,
D:\Idara_Bookstore\bulk_images\Rehnumae Takhdeer (Dr. Ziaul Hasan)\1.jpg,D:\Idara_Bookstore\bulk_images\Rehnumae Takhdeer (Dr. Ziaul Hasan)\2.jpg,D:\Idara_Bookstore\bulk_images\Rehnumae Takhdeer (Dr. Ziaul Hasan)\4.jpg,
D:\Idara_Bookstore\bulk_images\Rehnumae Tashkeesh (Dr. Ahtyshamul Haq)\1.jpg,D:\Idara_Bookstore\bulk_images\Rehnumae Tashkeesh (Dr. Ahtyshamul Haq)\2.jpg,D:\Idara_Bookstore\bulk_images\Rehnumae Tashkeesh (Dr. Ahtyshamul Haq)\4.jpg,
D:\Idara_Bookstore\bulk_images\Rehnumae Tashkeesh ul Amraz (Dr. Mirza Ameen)\1.jpg,D:\Idara_Bookstore\bulk_images\Rehnumae Tashkeesh ul Amraz (Dr. Mirza Ameen)\2.jpg,D:\Idara_Bookstore\bulk_images\Rehnumae Tashkeesh ul Amraz (Dr. Mirza Ameen)\4.jpg,
D:\Idara_Bookstore\bulk_images\Rehnumae Tibb (Hkm. Hashsham Siddiqi)\1.jpg,D:\Idara_Bookstore\bulk_images\Rehnumae Tibb (Hkm. Hashsham Siddiqi)\2.jpg,D:\Idara_Bookstore\bulk_images\Rehnumae Tibb (Hkm. Hashsham Siddiqi)\4.jpg,
,,,
D:\Idara_Bookstore\bulk_images\Rehnumai Ilmul Qabalat (Dr. Mehmooda Anzar\1.jpg,D:\Idara_Bookstore\bulk_images\Rehnumai Ilmul Qabalat (Dr. Mehmooda Anzar\2.jpg,D:\Idara_Bookstore\bulk_images\Rehnumai Ilmul Qabalat (Dr. Mehmooda Anzar\3.jpg,D:\Idara_Bookstore\bulk_images\Rehnumai Ilmul Qabalat (Dr. Mehmooda Anzar\4.jpg
D:\Idara_Bookstore\bulk_images\Rehnumai Saidla (Dr. Saleem Akhtar)\1.jpg,D:\Idara_Bookstore\bulk_images\Rehnumai Saidla (Dr. Saleem Akhtar)\2.jpg,D:\Idara_Bookstore\bulk_images\Rehnumai Saidla (Dr. Saleem Akhtar)\4.jpg,
,,,
D:\Idara_Bookstore\bulk_images\Research Methodology & Medical Statistics (Md. Iqbal)\1.jpg,D:\Idara_Bookstore\bulk_images\Research Methodology & Medical Statistics (Md. Iqbal)\2.jpg,D:\Idara_Bookstore\bulk_images\Research Methodology & Medical Statistics (Md. Iqbal)\3.jpg,D:\Idara_Bookstore\bulk_images\Research Methodology & Medical Statistics (Md. Iqbal)\4.jpg
D:\Idara_Bookstore\bulk_images\Risala Atishk (Hkm. Md. Kabiruddin)\4.jpg,,,
D:\Idara_Bookstore\bulk_images\Risala Haiza (Hkm. Md. Kabiruddin)\1.jpg,D:\Idara_Bookstore\bulk_images\Risala Haiza (Hkm. Md. Kabiruddin)\2.jpg,D:\Idara_Bookstore\bulk_images\Risala Haiza (Hkm. Md. Kabiruddin)\4.jpg,
D:\Idara_Bookstore\bulk_images\Risala Hammam (Mohd. Sheeraz)\1.jpg,D:\Idara_Bookstore\bulk_images\Risala Hammam (Mohd. Sheeraz)\2.jpg,D:\Idara_Bookstore\bulk_images\Risala Hammam (Mohd. Sheeraz)\3.jpg,D:\Idara_Bookstore\bulk_images\Risala Hammam (Mohd. Sheeraz)\4.jpg
D:\Idara_Bookstore\bulk_images\Risala Nuskha Navesi (Hkm. Talfa Ibrahim)\1.jpg,D:\Idara_Bookstore\bulk_images\Risala Nuskha Navesi (Hkm. Talfa Ibrahim)\2.jpg,D:\Idara_Bookstore\bulk_images\Risala Nuskha Navesi (Hkm. Talfa Ibrahim)\4.jpg,
,,,
D:\Idara_Bookstore\bulk_images\Risala Tareeful Nabz (Hkm. Basheer Ahmad)\1.jpg,D:\Idara_Bookstore\bulk_images\Risala Tareeful Nabz (Hkm. Basheer Ahmad)\2.jpg,D:\Idara_Bookstore\bulk_images\Risala Tareeful Nabz (Hkm. Basheer Ahmad)\4.jpg,
D:\Idara_Bookstore\bulk_images\Riyazul Salkeen (Dr. Idrees Habban)\1.jpg,D:\Idara_Bookstore\bulk_images\Riyazul Salkeen (Dr. Idrees Habban)\2.jpg,D:\Idara_Bookstore\bulk_images\Riyazul Salkeen (Dr. Idrees Habban)\3.jpg,D:\Idara_Bookstore\bulk_images\Riyazul Salkeen (Dr. Idrees Habban)\4.jpg
D:\Idara_Bookstore\bulk_images\Ruhu-Al-Kimiya (Hkm. Md. Ismail)\1.jpg,D:\Idara_Bookstore\bulk_images\Ruhu-Al-Kimiya (Hkm. Md. Ismail)\2.jpg,D:\Idara_Bookstore\bulk_images\Ruhu-Al-Kimiya (Hkm. Md. Ismail)\4.jpg,
D:\Idara_Bookstore\bulk_images\Sabziyon Se Ilaj Kijiye (Hkm. Idress Habban)\1.jpg,D:\Idara_Bookstore\bulk_images\Sabziyon Se Ilaj Kijiye (Hkm. Idress Habban)\2.jpg,D:\Idara_Bookstore\bulk_images\Sabziyon Se Ilaj Kijiye (Hkm. Idress Habban)\3.jpg,D:\Idara_Bookstore\bulk_images\Sabziyon Se Ilaj Kijiye (Hkm. Idress Habban)\4.jpg
D:\Idara_Bookstore\bulk_images\Sadeedi (Sharah - Sadeedi Urdu Translation - Abid Hussain)\1.jpg,D:\Idara_Bookstore\bulk_images\Sadeedi (Sharah - Sadeedi Urdu Translation - Abid Hussain)\2.jpg,D:\Idara_Bookstore\bulk_images\Sadeedi (Sharah - Sadeedi Urdu Translation - Abid Hussain)\4.jpg,
D:\Idara_Bookstore\bulk_images\Sahraha Kulliyat E Qanoon (Ibne Seena\1.jpg,D:\Idara_Bookstore\bulk_images\Sahraha Kulliyat E Qanoon (Ibne Seena\2.jpg,D:\Idara_Bookstore\bulk_images\Sahraha Kulliyat E Qanoon (Ibne Seena\4.jpg,
D:\Idara_Bookstore\bulk_images\Saririyat Ilme Tashkeesh (Hassan Nigrami)\1.jpg,,,
D:\Idara_Bookstore\bulk_images\Saririyat Jadeed (Dr. Tabrez Akhtar)\1.jpg,D:\Idara_Bookstore\bulk_images\Saririyat Jadeed (Dr. Tabrez Akhtar)\2.jpg,D:\Idara_Bookstore\bulk_images\Saririyat Jadeed (Dr. Tabrez Akhtar)\3.jpg,D:\Idara_Bookstore\bulk_images\Saririyat Jadeed (Dr. Tabrez Akhtar)\4.jpg
D:\Idara_Bookstore\bulk_images\Sartaan Ka Mukammal Ilaj Kijiye (Hkm. Idress Habban)\1.jpg,D:\Idara_Bookstore\bulk_images\Sartaan Ka Mukammal Ilaj Kijiye (Hkm. Idress Habban)\2.jpg,D:\Idara_Bookstore\bulk_images\Sartaan Ka Mukammal Ilaj Kijiye (Hkm. Idress Habban)\3.jpg,D:\Idara_Bookstore\bulk_images\Sartaan Ka Mukammal Ilaj Kijiye (Hkm. Idress Habban)\4.jpg
D:\Idara_Bookstore\bulk_images\Sehat Mand Zindagi Ke Raaz (Mohd. Idress Habban)\1.jpg,D:\Idara_Bookstore\bulk_images\Sehat Mand Zindagi Ke Raaz (Mohd. Idress Habban)\2.jpg,D:\Idara_Bookstore\bulk_images\Sehat Mand Zindagi Ke Raaz (Mohd. Idress Habban)\4.jpg,
D:\Idara_Bookstore\bulk_images\Sharah Ziabtul Tehzeeb (Maulana Sultan Hasan Khan)\1.jpg,D:\Idara_Bookstore\bulk_images\Sharah Ziabtul Tehzeeb (Maulana Sultan Hasan Khan)\2.jpg,D:\Idara_Bookstore\bulk_images\Sharah Ziabtul Tehzeeb (Maulana Sultan Hasan Khan)\4.jpg,
D:\Idara_Bookstore\bulk_images\Shehad Encyclopedia (Hkm. Tahir Mehmood Bhat)\1.jpg,D:\Idara_Bookstore\bulk_images\Shehad Encyclopedia (Hkm. Tahir Mehmood Bhat)\2.jpg,D:\Idara_Bookstore\bulk_images\Shehad Encyclopedia (Hkm. Tahir Mehmood Bhat)\4.jpg,
,,,
,,,
,,,
D:\Idara_Bookstore\bulk_images\Sunnate Nabvi Aur Jadeed Science Hindi (Tariq Mehmood Chugtai)\4.jpg,,,
,,,
D:\Idara_Bookstore\bulk_images\Surgery Scholar Guide MCQs (Dr. Raashid Qazi)\1.jpg,D:\Idara_Bookstore\bulk_images\Surgery Scholar Guide MCQs (Dr. Raashid Qazi)\2.jpg,D:\Idara_Bookstore\bulk_images\Surgery Scholar Guide MCQs (Dr. Raashid Qazi)\3.jpg,D:\Idara_Bookstore\bulk_images\Surgery Scholar Guide MCQs (Dr. Raashid Qazi)\4.jpg
D:\Idara_Bookstore\bulk_images\Systemic Pathology (Dr. Saba\1.jpg,D:\Idara_Bookstore\bulk_images\Systemic Pathology (Dr. Saba\2.jpg,D:\Idara_Bookstore\bulk_images\Systemic Pathology (Dr. Saba\3.jpg,D:\Idara_Bookstore\bulk_images\Systemic Pathology (Dr. Saba\4.jpg
D:\Idara_Bookstore\bulk_images\Systemic Pathology Vol.2 (Dr. Sana\1.jpg,D:\Idara_Bookstore\bulk_images\Systemic Pathology Vol.2 (Dr. Sana\2.jpg,D:\Idara_Bookstore\bulk_images\Systemic Pathology Vol.2 (Dr. Sana\3.jpg,D:\Idara_Bookstore\bulk_images\Systemic Pathology Vol.2 (Dr. Sana\4.jpg
D:\Idara_Bookstore\bulk_images\Tahfuzi wa Samaji Tibb (Dr. Abdul Mubeen Khan)\1.jpg,D:\Idara_Bookstore\bulk_images\Tahfuzi wa Samaji Tibb (Dr. Abdul Mubeen Khan)\2.jpg,D:\Idara_Bookstore\bulk_images\Tahfuzi wa Samaji Tibb (Dr. Abdul Mubeen Khan)\3.jpg,D:\Idara_Bookstore\bulk_images\Tahfuzi wa Samaji Tibb (Dr. Abdul Mubeen Khan)\4.jpg
D:\Idara_Bookstore\bulk_images\Tahfuzi wa Samaji Tibb (Hkm. Md. Yusuf Ansari)\1.jpg,D:\Idara_Bookstore\bulk_images\Tahfuzi wa Samaji Tibb (Hkm. Md. Yusuf Ansari)\2.jpg,D:\Idara_Bookstore\bulk_images\Tahfuzi wa Samaji Tibb (Hkm. Md. Yusuf Ansari)\3.jpg,D:\Idara_Bookstore\bulk_images\Tahfuzi wa Samaji Tibb (Hkm. Md. Yusuf Ansari)\4.jpg
,,,
D:\Idara_Bookstore\bulk_images\Tajurbat Matab (Abdul Mannan)\1.jpg,D:\Idara_Bookstore\bulk_images\Tajurbat Matab (Abdul Mannan)\2.jpg,D:\Idara_Bookstore\bulk_images\Tajurbat Matab (Abdul Mannan)\4.jpg,
,,,
,,,
D:\Idara_Bookstore\bulk_images\Taleemul Advia (Hkm. Hafiz Jaleel Ahmad)\1.jpg,D:\Idara_Bookstore\bulk_images\Taleemul Advia (Hkm. Hafiz Jaleel Ahmad)\2.jpg,D:\Idara_Bookstore\bulk_images\Taleemul Advia (Hkm. Hafiz Jaleel Ahmad)\4.jpg,
D:\Idara_Bookstore\bulk_images\Taleemul Mufredat (Syed Afzal Hussain)\1.jpg,D:\Idara_Bookstore\bulk_images\Taleemul Mufredat (Syed Afzal Hussain)\2.jpg,D:\Idara_Bookstore\bulk_images\Taleemul Mufredat (Syed Afzal Hussain)\3.jpg,D:\Idara_Bookstore\bulk_images\Taleemul Mufredat (Syed Afzal Hussain)\4.jpg
D:\Idara_Bookstore\bulk_images\Taleemul Qabla (Hkm. Abdul Razzaq)\1.jpg,D:\Idara_Bookstore\bulk_images\Taleemul Qabla (Hkm. Abdul Razzaq)\2.jpg,D:\Idara_Bookstore\bulk_images\Taleemul Qabla (Hkm. Abdul Razzaq)\4.jpg,
,,,
D:\Idara_Bookstore\bulk_images\Tarikh Tibb Wa Atibbae Qadeem (Prof. Hkm. Syed Haider)\1.jpg,D:\Idara_Bookstore\bulk_images\Tarikh Tibb Wa Atibbae Qadeem (Prof. Hkm. Syed Haider)\2.jpg,D:\Idara_Bookstore\bulk_images\Tarikh Tibb Wa Atibbae Qadeem (Prof. Hkm. Syed Haider)\4.jpg,
D:\Idara_Bookstore\bulk_images\Tarikh Tibb Wa Mantiq Falsafa MCQs (Dr. Zubair Ansari)\1.jpg,D:\Idara_Bookstore\bulk_images\Tarikh Tibb Wa Mantiq Falsafa MCQs (Dr. Zubair Ansari)\2.jpg,D:\Idara_Bookstore\bulk_images\Tarikh Tibb Wa Mantiq Falsafa MCQs (Dr. Zubair Ansari)\3.jpg,D:\Idara_Bookstore\bulk_images\Tarikh Tibb Wa Mantiq Falsafa MCQs (Dr. Zubair Ansari)\4.jpg
,,,
D:\Idara_Bookstore\bulk_images\Tariqahaye Ilaj (Dr. Azam)\1.jpg,D:\Idara_Bookstore\bulk_images\Tariqahaye Ilaj (Dr. Azam)\2.jpg,D:\Idara_Bookstore\bulk_images\Tariqahaye Ilaj (Dr. Azam)\3.jpg,D:\Idara_Bookstore\bulk_images\Tariqahaye Ilaj (Dr. Azam)\4.jpg
D:\Idara_Bookstore\bulk_images\Tashkeesh Aur Ilaj (Dr. Rasheed)\1.jpg,D:\Idara_Bookstore\bulk_images\Tashkeesh Aur Ilaj (Dr. Rasheed)\2.jpg,D:\Idara_Bookstore\bulk_images\Tashkeesh Aur Ilaj (Dr. Rasheed)\4.jpg,
D:\Idara_Bookstore\bulk_images\Tashkeesh Ramooz (Hkm. Md. Azimuddin)\1.jpg,D:\Idara_Bookstore\bulk_images\Tashkeesh Ramooz (Hkm. Md. Azimuddin)\2.jpg,D:\Idara_Bookstore\bulk_images\Tashkeesh Ramooz (Hkm. Md. Azimuddin)\4.jpg,
,,,
,,,
D:\Idara_Bookstore\bulk_images\Tashkeeshul Amraz (Shamshul Afaaq)\1.jpg,D:\Idara_Bookstore\bulk_images\Tashkeeshul Amraz (Shamshul Afaaq)\2.jpg,D:\Idara_Bookstore\bulk_images\Tashkeeshul Amraz (Shamshul Afaaq)\4.jpg,
D:\Idara_Bookstore\bulk_images\Tashreehul Ahisha (Hkm. Mohd Ahmad Lari)\1.jpg,D:\Idara_Bookstore\bulk_images\Tashreehul Ahisha (Hkm. Mohd Ahmad Lari)\2.jpg,D:\Idara_Bookstore\bulk_images\Tashreehul Ahisha (Hkm. Mohd Ahmad Lari)\3.jpg,D:\Idara_Bookstore\bulk_images\Tashreehul Ahisha (Hkm. Mohd Ahmad Lari)\4.jpg
,,,
,,,
D:\Idara_Bookstore\bulk_images\Tashrihul Badan Vol.1-2 (Dr. Alauddin)\1-1.jpg,D:\Idara_Bookstore\bulk_images\Tashrihul Badan Vol.1-2 (Dr. Alauddin)\1-2.jpg,D:\Idara_Bookstore\bulk_images\Tashrihul Badan Vol.1-2 (Dr. Alauddin)\1-4.jpg,D:\Idara_Bookstore\bulk_images\Tashrihul Badan Vol.1-2 (Dr. Alauddin)\2-1.jpg
D:\Idara_Bookstore\bulk_images\Tehdeed Kulliyate Umoore Tabbiya (Jaleel Ahmed)\1.jpg,D:\Idara_Bookstore\bulk_images\Tehdeed Kulliyate Umoore Tabbiya (Jaleel Ahmed)\2.jpg,D:\Idara_Bookstore\bulk_images\Tehdeed Kulliyate Umoore Tabbiya (Jaleel Ahmed)\3.jpg,D:\Idara_Bookstore\bulk_images\Tehdeed Kulliyate Umoore Tabbiya (Jaleel Ahmed)\4.jpg
D:\Idara_Bookstore\bulk_images\Tehdeed Mantiq Wa Falsafa (Abdul Jaleel Ahmed)\1.jpg,D:\Idara_Bookstore\bulk_images\Tehdeed Mantiq Wa Falsafa (Abdul Jaleel Ahmed)\2.jpg,D:\Idara_Bookstore\bulk_images\Tehdeed Mantiq Wa Falsafa (Abdul Jaleel Ahmed)\3.jpg,D:\Idara_Bookstore\bulk_images\Tehdeed Mantiq Wa Falsafa (Abdul Jaleel Ahmed)\4.jpg
"D:\Idara_Bookstore\bulk_images\The Canon of Medicine (Avicenna, Laleh Bakhtiar)\1.jpg","D:\Idara_Bookstore\bulk_images\The Canon of Medicine (Avicenna, Laleh Bakhtiar)\2.jpg","D:\Idara_Bookstore\bulk_images\The Canon of Medicine (Avicenna, Laleh Bakhtiar)\4.jpg",
,,,
D:\Idara_Bookstore\bulk_images\The Pioneer (Dr. Danish & Izhar)\1.jpg,D:\Idara_Bookstore\bulk_images\The Pioneer (Dr. Danish & Izhar)\2.jpg,D:\Idara_Bookstore\bulk_images\The Pioneer (Dr. Danish & Izhar)\3.jpg,D:\Idara_Bookstore\bulk_images\The Pioneer (Dr. Danish & Izhar)\4.jpg
D:\Idara_Bookstore\bulk_images\The Premier (Dr. Izharul Hasan)\1.jpg,D:\Idara_Bookstore\bulk_images\The Premier (Dr. Izharul Hasan)\2.jpg,D:\Idara_Bookstore\bulk_images\The Premier (Dr. Izharul Hasan)\3.jpg,D:\Idara_Bookstore\bulk_images\The Premier (Dr. Izharul Hasan)\4.jpg
D:\Idara_Bookstore\bulk_images\The Premier Advance (Dr. Izharul Hasan)\1.jpg,D:\Idara_Bookstore\bulk_images\The Premier Advance (Dr. Izharul Hasan)\2.jpg,D:\Idara_Bookstore\bulk_images\The Premier Advance (Dr. Izharul Hasan)\3.jpg,D:\Idara_Bookstore\bulk_images\The Premier Advance (Dr. Izharul Hasan)\4.jpg
D:\Idara_Bookstore\bulk_images\Tibbe Ahsani (Ahsaan Ali)\1.jpg,D:\Idara_Bookstore\bulk_images\Tibbe Ahsani (Ahsaan Ali)\2.jpg,D:\Idara_Bookstore\bulk_images\Tibbe Ahsani (Ahsaan Ali)\3.jpg,D:\Idara_Bookstore\bulk_images\Tibbe Ahsani (Ahsaan Ali)\4.jpg
,,,
D:\Idara_Bookstore\bulk_images\Tibbe Nabvi Khajor Sehad Se Ilaj (Dr. Mouzam Javed)\1.jpg,,,
D:\Idara_Bookstore\bulk_images\Tibbe Qanoon (Md. Farooq)\1.jpg,D:\Idara_Bookstore\bulk_images\Tibbe Qanoon (Md. Farooq)\2.jpg,D:\Idara_Bookstore\bulk_images\Tibbe Qanoon (Md. Farooq)\4.jpg,
D:\Idara_Bookstore\bulk_images\Tibbe Qanooni (Abdul Mobeen)\1.jpg,D:\Idara_Bookstore\bulk_images\Tibbe Qanooni (Abdul Mobeen)\2.jpg,D:\Idara_Bookstore\bulk_images\Tibbe Qanooni (Abdul Mobeen)\4.jpg,
D:\Idara_Bookstore\bulk_images\Tibbe Qanooni (Juris Prudunce) (Hkm. Mohd Yusuf)\1.jpg,D:\Idara_Bookstore\bulk_images\Tibbe Qanooni (Juris Prudunce) (Hkm. Mohd Yusuf)\2.jpg,D:\Idara_Bookstore\bulk_images\Tibbe Qanooni (Juris Prudunce) (Hkm. Mohd Yusuf)\3.jpg,D:\Idara_Bookstore\bulk_images\Tibbe Qanooni (Juris Prudunce) (Hkm. Mohd Yusuf)\4.jpg
D:\Idara_Bookstore\bulk_images\Tibbe Qanooni Wa Ilmum Samoom (Fazlur Rehman)\1.jpg,D:\Idara_Bookstore\bulk_images\Tibbe Qanooni Wa Ilmum Samoom (Fazlur Rehman)\2.jpg,D:\Idara_Bookstore\bulk_images\Tibbe Qanooni Wa Ilmum Samoom (Fazlur Rehman)\4.jpg,
D:\Idara_Bookstore\bulk_images\Tibbe Yusufi (Yusufi Bin Yusuf)\1.jpg,D:\Idara_Bookstore\bulk_images\Tibbe Yusufi (Yusufi Bin Yusuf)\2.jpg,D:\Idara_Bookstore\bulk_images\Tibbe Yusufi (Yusufi Bin Yusuf)\4.jpg,
D:\Idara_Bookstore\bulk_images\Tibbi Arabic Reader (Hkm. Raziul Islam Nadvi)\1.jpg,D:\Idara_Bookstore\bulk_images\Tibbi Arabic Reader (Hkm. Raziul Islam Nadvi)\2.jpg,D:\Idara_Bookstore\bulk_images\Tibbi Arabic Reader (Hkm. Raziul Islam Nadvi)\3.jpg,D:\Idara_Bookstore\bulk_images\Tibbi Arabic Reader (Hkm. Raziul Islam Nadvi)\4.jpg
D:\Idara_Bookstore\bulk_images\Tibbi Qanooncha (Hkm. Gulam Hasnain Kantori)\1.jpg,D:\Idara_Bookstore\bulk_images\Tibbi Qanooncha (Hkm. Gulam Hasnain Kantori)\2.jpg,D:\Idara_Bookstore\bulk_images\Tibbi Qanooncha (Hkm. Gulam Hasnain Kantori)\4.jpg,
D:\Idara_Bookstore\bulk_images\Tibbi Shipare (Hkm. Maulvi Md. Yaar Khan)\1.jpg,D:\Idara_Bookstore\bulk_images\Tibbi Shipare (Hkm. Maulvi Md. Yaar Khan)\2.jpg,D:\Idara_Bookstore\bulk_images\Tibbi Shipare (Hkm. Maulvi Md. Yaar Khan)\4.jpg,
D:\Idara_Bookstore\bulk_images\Tibbul Qanoon (Juris Prudunce) (Hkm. Hammad Usmani)\1.jpg,D:\Idara_Bookstore\bulk_images\Tibbul Qanoon (Juris Prudunce) (Hkm. Hammad Usmani)\2.jpg,D:\Idara_Bookstore\bulk_images\Tibbul Qanoon (Juris Prudunce) (Hkm. Hammad Usmani)\4.jpg,
,,,
D:\Idara_Bookstore\bulk_images\Tohfa Husn Jamal (Mohd. Idress Habban)\1.jpg,D:\Idara_Bookstore\bulk_images\Tohfa Husn Jamal (Mohd. Idress Habban)\2.jpg,D:\Idara_Bookstore\bulk_images\Tohfa Husn Jamal (Mohd. Idress Habban)\3.jpg,D:\Idara_Bookstore\bulk_images\Tohfa Husn Jamal (Mohd. Idress Habban)\4.jpg
,,,
,,,
D:\Idara_Bookstore\bulk_images\Tufili Ajsaam (Mirza Abdul Noor Baig)\1.jpg,D:\Idara_Bookstore\bulk_images\Tufili Ajsaam (Mirza Abdul Noor Baig)\2.jpg,D:\Idara_Bookstore\bulk_images\Tufili Ajsaam (Mirza Abdul Noor Baig)\4.jpg,
D:\Idara_Bookstore\bulk_images\Ultrasound Guide (Dr. Atiqur Rehman)\1.jpg,D:\Idara_Bookstore\bulk_images\Ultrasound Guide (Dr. Atiqur Rehman)\2.jpg,D:\Idara_Bookstore\bulk_images\Ultrasound Guide (Dr. Atiqur Rehman)\4.jpg,
D:\Idara_Bookstore\bulk_images\Ummul Ilaj (Hkm. Imamullah)\1.jpg,D:\Idara_Bookstore\bulk_images\Ummul Ilaj (Hkm. Imamullah)\2.jpg,D:\Idara_Bookstore\bulk_images\Ummul Ilaj (Hkm. Imamullah)\4.jpg,
D:\Idara_Bookstore\bulk_images\Umoore Tabaiyya (Hkm. Israrul Haq)\1.jpg,D:\Idara_Bookstore\bulk_images\Umoore Tabaiyya (Hkm. Israrul Haq)\2.jpg,D:\Idara_Bookstore\bulk_images\Umoore Tabaiyya (Hkm. Israrul Haq)\4.jpg,
,,,
D:\Idara_Bookstore\bulk_images\Umoore Tabbiya (Hkm. Khalid Zama Khan)\1.jpg,D:\Idara_Bookstore\bulk_images\Umoore Tabbiya (Hkm. Khalid Zama Khan)\2.jpg,D:\Idara_Bookstore\bulk_images\Umoore Tabbiya (Hkm. Khalid Zama Khan)\4.jpg,
D:\Idara_Bookstore\bulk_images\Umoore Tabbiya Color Vol.1-2 (Prof. Mohd Aslam)\1.jpg,D:\Idara_Bookstore\bulk_images\Umoore Tabbiya Color Vol.1-2 (Prof. Mohd Aslam)\2.jpg,D:\Idara_Bookstore\bulk_images\Umoore Tabbiya Color Vol.1-2 (Prof. Mohd Aslam)\3.jpg,D:\Idara_Bookstore\bulk_images\Umoore Tabbiya Color Vol.1-2 (Prof. Mohd Aslam)\4.jpg
,,,
D:\Idara_Bookstore\bulk_images\Unani Advia Murakkaba (Md. Hassan Nigrami)\1.jpg,D:\Idara_Bookstore\bulk_images\Unani Advia Murakkaba (Md. Hassan Nigrami)\2.jpg,D:\Idara_Bookstore\bulk_images\Unani Advia Murakkaba (Md. Hassan Nigrami)\4.jpg,
,,,
,,,
D:\Idara_Bookstore\bulk_images\Unani Dermatology (Dr. Izharul Hassan)\1.jpg,D:\Idara_Bookstore\bulk_images\Unani Dermatology (Dr. Izharul Hassan)\2.jpg,D:\Idara_Bookstore\bulk_images\Unani Dermatology (Dr. Izharul Hassan)\3.jpg,D:\Idara_Bookstore\bulk_images\Unani Dermatology (Dr. Izharul Hassan)\4.jpg
D:\Idara_Bookstore\bulk_images\Unani Drugs Mineral Origin (Dr. M.A Qureshi)\1.jpg,D:\Idara_Bookstore\bulk_images\Unani Drugs Mineral Origin (Dr. M.A Qureshi)\2.jpg,D:\Idara_Bookstore\bulk_images\Unani Drugs Mineral Origin (Dr. M.A Qureshi)\4.jpg,
D:\Idara_Bookstore\bulk_images\Unani General Knowledge (Dr. Saleem Akhtar)\1.jpg,D:\Idara_Bookstore\bulk_images\Unani General Knowledge (Dr. Saleem Akhtar)\2.jpg,D:\Idara_Bookstore\bulk_images\Unani General Knowledge (Dr. Saleem Akhtar)\4.jpg,
D:\Idara_Bookstore\bulk_images\Unani Imtehanat Guide (Dr. Sheerazi)\1.jpg,D:\Idara_Bookstore\bulk_images\Unani Imtehanat Guide (Dr. Sheerazi)\2.jpg,D:\Idara_Bookstore\bulk_images\Unani Imtehanat Guide (Dr. Sheerazi)\3.jpg,D:\Idara_Bookstore\bulk_images\Unani Imtehanat Guide (Dr. Sheerazi)\4.jpg
,,,
,,,
D:\Idara_Bookstore\bulk_images\Unani Pharmacy (Ilmul Saidla) (Dr. Mohd Ahmad Parwez)\1.jpg,D:\Idara_Bookstore\bulk_images\Unani Pharmacy (Ilmul Saidla) (Dr. Mohd Ahmad Parwez)\2.jpg,D:\Idara_Bookstore\bulk_images\Unani Pharmacy (Ilmul Saidla) (Dr. Mohd Ahmad Parwez)\3.jpg,D:\Idara_Bookstore\bulk_images\Unani Pharmacy (Ilmul Saidla) (Dr. Mohd Ahmad Parwez)\4.jpg
D:\Idara_Bookstore\bulk_images\Unique Pathalogy MCQs (Dr. Aysha Raza)\1.jpg,D:\Idara_Bookstore\bulk_images\Unique Pathalogy MCQs (Dr. Aysha Raza)\2.jpg,D:\Idara_Bookstore\bulk_images\Unique Pathalogy MCQs (Dr. Aysha Raza)\3.jpg,D:\Idara_Bookstore\bulk_images\Unique Pathalogy MCQs (Dr. Aysha Raza)\4.jpg
,,,
D:\Idara_Bookstore\bulk_images\Usoole Advia (Dr. Aftaab Ahmad)\1.jpg,D:\Idara_Bookstore\bulk_images\Usoole Advia (Dr. Aftaab Ahmad)\2.jpg,D:\Idara_Bookstore\bulk_images\Usoole Advia (Dr. Aftaab Ahmad)\4.jpg,
D:\Idara_Bookstore\bulk_images\Usoole Advia (Hkm. Ziaullah Faizi)\1.jpg,D:\Idara_Bookstore\bulk_images\Usoole Advia (Hkm. Ziaullah Faizi)\2.jpg,D:\Idara_Bookstore\bulk_images\Usoole Advia (Hkm. Ziaullah Faizi)\4.jpg,
D:\Idara_Bookstore\bulk_images\Usoole Tashkeesh (Sarerriyat) (Dr. Mohd Zubair Ansari)\1.jpg,D:\Idara_Bookstore\bulk_images\Usoole Tashkeesh (Sarerriyat) (Dr. Mohd Zubair Ansari)\2.jpg,D:\Idara_Bookstore\bulk_images\Usoole Tashkeesh (Sarerriyat) (Dr. Mohd Zubair Ansari)\3.jpg,D:\Idara_Bookstore\bulk_images\Usoole Tashkeesh (Sarerriyat) (Dr. Mohd Zubair Ansari)\4.jpg
D:\Idara_Bookstore\bulk_images\Usoole Tibb 2024 Edition (Hkm. S. Kamaluddin)\1.jpg,D:\Idara_Bookstore\bulk_images\Usoole Tibb 2024 Edition (Hkm. S. Kamaluddin)\2.jpg,D:\Idara_Bookstore\bulk_images\Usoole Tibb 2024 Edition (Hkm. S. Kamaluddin)\3.jpg,D:\Idara_Bookstore\bulk_images\Usoole Tibb 2024 Edition (Hkm. S. Kamaluddin)\4.jpg
D:\Idara_Bookstore\bulk_images\Usoole Tibb 2025 (Hkm. Kamaluddin)\1.jpg,D:\Idara_Bookstore\bulk_images\Usoole Tibb 2025 (Hkm. Kamaluddin)\2.jpg,D:\Idara_Bookstore\bulk_images\Usoole Tibb 2025 (Hkm. Kamaluddin)\3.jpg,D:\Idara_Bookstore\bulk_images\Usoole Tibb 2025 (Hkm. Kamaluddin)\4.jpg
"D:\Idara_Bookstore\bulk_images\Uzn, Unf Wa Halaq (ENT) (Hkm. Md. Yusuf Ansari)\1.jpg","D:\Idara_Bookstore\bulk_images\Uzn, Unf Wa Halaq (ENT) (Hkm. Md. Yusuf Ansari)\2.jpg","D:\Idara_Bookstore\bulk_images\Uzn, Unf Wa Halaq (ENT) (Hkm. Md. Yusuf Ansari)\3.jpg","D:\Idara_Bookstore\bulk_images\Uzn, Unf Wa Halaq (ENT) (Hkm. Md. Yusuf Ansari)\4.jpg"
D:\Idara_Bookstore\bulk_images\Wabal Wa Nikal Aatish Wa Suzak (Hkm. Md. Kabiruddin)\1.jpg,D:\Idara_Bookstore\bulk_images\Wabal Wa Nikal Aatish Wa Suzak (Hkm. Md. Kabiruddin)\2.jpg,D:\Idara_Bookstore\bulk_images\Wabal Wa Nikal Aatish Wa Suzak (Hkm. Md. Kabiruddin)\4.jpg,
,,,
D:\Idara_Bookstore\bulk_images\Wasi Medical Dictionary (Hkm. Azizur Rehman Azmi)\1.jpg,D:\Idara_Bookstore\bulk_images\Wasi Medical Dictionary (Hkm. Azizur Rehman Azmi)\2.jpg,D:\Idara_Bookstore\bulk_images\Wasi Medical Dictionary (Hkm. Azizur Rehman Azmi)\4.jpg,
D:\Idara_Bookstore\bulk_images\Wazan Kam Kijaye (Mohd. Idress Habban)\1.jpg,D:\Idara_Bookstore\bulk_images\Wazan Kam Kijaye (Mohd. Idress Habban)\2.jpg,D:\Idara_Bookstore\bulk_images\Wazan Kam Kijaye (Mohd. Idress Habban)\3.jpg,
D:\Idara_Bookstore\bulk_images\Zaade Gareeb (Hkm. Sadiq Wa Sharif Khan)\1.jpg,D:\Idara_Bookstore\bulk_images\Zaade Gareeb (Hkm. Sadiq Wa Sharif Khan)\2.jpg,D:\Idara_Bookstore\bulk_images\Zaade Gareeb (Hkm. Sadiq Wa Sharif Khan)\4.jpg,
D:\Idara_Bookstore\bulk_images\Zakhera Khawarzim Shahi (Hkm. Ahmadul Hasan Jurjani)\1.jpg,D:\Idara_Bookstore\bulk_images\Zakhera Khawarzim Shahi (Hkm. Ahmadul Hasan Jurjani)\2.jpg,D:\Idara_Bookstore\bulk_images\Zakhera Khawarzim Shahi (Hkm. Ahmadul Hasan Jurjani)\4.jpg,D:\Idara_Bookstore\bulk_images\Zakhera Khawarzim Shahi (Hkm. Ahmadul Hasan Jurjani)\5.jpg
D:\Idara_Bookstore\bulk_images\Zanana Amraz Ka Ilaj (Hkm. Majeed Ahmed Narvi)\1.jpg,D:\Idara_Bookstore\bulk_images\Zanana Amraz Ka Ilaj (Hkm. Majeed Ahmed Narvi)\2.jpg,D:\Idara_Bookstore\bulk_images\Zanana Amraz Ka Ilaj (Hkm. Majeed Ahmed Narvi)\3.jpg,D:\Idara_Bookstore\bulk_images\Zanana Amraz Ka Ilaj (Hkm. Majeed Ahmed Narvi)\4.jpg
D:\Idara_Bookstore\bulk_images\ZEST MCQs of Gyn & Obst (Dr. Aisha Raza)\1.jpg,D:\Idara_Bookstore\bulk_images\ZEST MCQs of Gyn & Obst (Dr. Aisha Raza)\2.jpg,D:\Idara_Bookstore\bulk_images\ZEST MCQs of Gyn & Obst (Dr. Aisha Raza)\3.jpg,D:\Idara_Bookstore\bulk_images\ZEST MCQs of Gyn & Obst (Dr. Aisha Raza)\4.jpg
D:\Idara_Bookstore\bulk_images\Zikariya Tashkeesh (Dr. Minhajuddin)\1.jpg,D:\Idara_Bookstore\bulk_images\Zikariya Tashkeesh (Dr. Minhajuddin)\2.jpg,D:\Idara_Bookstore\bulk_images\Zikariya Tashkeesh (Dr. Minhajuddin)\4.jpg,
